latitude,longitude,mag
40.5213333,-124.4023333,2.75
33.3975,-116.3933333,4.14
34.3556667,-116.9218333,3.47
40.5391667,-124.3166667,2.64
38.4573333,-122.015,2.76
35.85383333,-97.18883333,2.61
35.7735,-121.4815,2.66
37.6516667,-119.3848333,2.61
40.5995,-124.0883333,2.54
31.60763256,-104.5322869,2.8
40.5875,-124.0901667,2.97
31.01901666,-103.2715638,2.6
39.0976,-118.1503,3.4
31.73375443,-104.1096701,2.5
33.1173333,-115.604,2.66
38.4897,-118.1948,2.6
38.7865,-122.7681667,2.5
45.1415,-106.8972,3.1
34.5795,-116.8873333,2.99
31.6090719,-103.9580425,2.9
32.2119,-103.0951,3.2
31.5371667,-115.7883333,3.32
31.4942,-115.8069,2.8
43.7306,-105.345,3.3
40.523,-124.3978333,2.68
40.501,-124.809,2.88
31.71047574,-104.2657066,2.5
44.4719,-115.2192,2.5
44.4962,-115.2683,2.6
31.71440412,-104.0023843,2.6
38.4913,-117.9265,2.9
40.2796667,-124.5683333,2.97
33.9778333,-116.766,2.57
47.4889,-70.1479,2.9
33.9333333,-116.3198333,2.5
34.673,-88.5148333333333,2.52
32.24578857,-101.8920303,3.4
44.6159,-114.3992,2.6
44.6528,-114.398,3.4
40.5571667,-124.0083333,4.16
31.5671667,-115.6821667,2.51
43.811,-105.3014,3.3
40.3745,-124.4985,2.87
32.75665283,-100.6551305,2.5
43.8491,-105.4089,3.2
41.8841667,-111.9326667,2.64
31.6065073,-104.1966027,2.8
38.5065,-122.7485,2.52
35.283,-98.0205,2.92
46.633,-122.39266666666668,2.88
43.5894,-105.5118,3.2
44.081,-105.3148,3.1
43.9576,-105.2683,3.1
40.3601667,-124.3346667,3.79
40.52,-124.411,3.33
40.5978333,-124.1008333,2.71
37.6201667,-122.025,3.34
40.6041667,-124.0696667,2.68
40.4945,-124.4646667,2.87
40.6381667,-124.0081667,2.65
44.3432,-115.1654,3.8
38.1705,-117.8282,2.6
37.739,-122.1453333,2.93
40.5971667,-124.0651667,3.3
28.66607666,-98.19244026,2.7
31.64675114,-104.4616556,2.8
35.6953333,-117.531,2.9
38.159,-117.8429,2.9
32.10845947,-102.2007193,3.2
40.523,-124.4076667,2.85
40.693,-124.029,3.0
40.5208333,-124.0273333,2.77
40.5935,-124.0765,2.56
40.6011667,-124.0805,2.53
40.5058333,-124.4661667,3.02
33.7866667,-116.1555,2.55
40.5586667,-124.0691667,2.74
31.66143017,-104.3234662,2.7
40.533,-124.3298333,2.56
40.5455,-124.3291667,4.35
40.5795,-124.1055,2.58
40.547,-124.3391667,2.53
40.8146667,-124.328,2.8
40.5193333,-124.4168333,2.7
40.3861667,-124.7221667,2.65
40.5368333,-124.3565,2.81
40.5416667,-124.3358333,2.7
40.5303333,-124.3623333,3.2
40.5461667,-124.3181667,3.18
40.6371667,-124.0028333,2.91
40.6659,-124.0079,2.6
40.5656667,-123.9766667,3.01
40.6005,-124.0688333,3.99
40.7291667,-123.8398333,2.66
40.5186667,-124.389,3.31
40.5268333,-124.324,3.4
40.5228333,-124.3268333,2.57
40.5166667,-124.3391667,2.52
40.5225,-124.3431667,2.53
40.6136667,-124.1985,2.52
40.4803333,-124.4748333,2.55
40.5956667,-124.0973333,2.99
40.5356667,-124.3151667,2.56
40.5405,-124.3285,2.53
40.5213333,-124.4228333,2.77
40.7355,-123.8405,2.81
40.5285,-124.3983333,2.75
40.529,-124.3145,3.02
40.5126667,-124.4091667,2.74
40.5116667,-124.435,2.73
40.5871667,-124.2598333,2.71
40.5208333,-124.3993333,2.66
40.5405,-124.323,2.99
40.5345,-124.3256667,2.52
40.5868333,-124.0923333,2.99
40.5318333,-124.3286667,2.72
40.5085,-124.447,2.96
40.5386667,-124.3115,2.67
40.5436667,-124.3126667,2.59
40.5273333,-124.3543333,3.52
40.586,-124.3128333,3.05
40.5298333,-124.3221667,2.68
40.6,-124.1355,2.81
40.5905,-123.9093333,2.59
40.6031667,-124.063,2.51
40.5183333,-124.4081667,2.76
40.5228333,-124.1881667,4.92
40.525,-124.423,6.4
31.65878916,-104.3794213,2.8
31.65424785,-104.37077,2.8
37.3525,-119.8201667,2.56
44.2768,-116.2641,2.7
44.2705,-116.2423,2.9
31.64535363,-104.4643329,2.9
31.66295253,-104.3751518,3.0
31.93267822,-102.012076,3.1
31.61890654,-103.9728793,2.6
43.8629,-105.3249,3.1
36.53816667,-98.96533333,2.52
36.5415,-98.9615,3.14
31.66287523,-104.3121746,2.5
37.9181667,-122.304,3.57
32.1963501,-102.1599895,2.6
32.20001221,-102.1385528,2.6
31.61516646,-103.9922299,2.5
32.18536377,-102.1342654,3.4
32.19085693,-102.1406965,5.2
43.8697,-105.2753,3.4
46.0192,-106.8754,3.1
31.67560183,-104.4091776,2.8
33.8498333,-117.8655,2.63
40.4853333,-124.8351667,2.77
32.75115967,-100.6572742,2.5
31.62538927,-104.2768996,2.5
34.2301667,-116.9858333,2.7
31.60599442,-103.9862703,3.0
40.7115,-123.814,2.54
45.2315,-106.8024,2.8
46.53266666666666,-122.36866666666668,2.75
32.28790283,-101.7912776,2.9
46.62416666666667,-121.75633333333332,2.91
31.71826488,-104.2700743,3.0
31.62581062,-103.9696817,3.3
31.60813939,-103.962342,2.7
31.7180484,-104.2676491,2.9
31.6105518,-103.9624869,3.1
31.60232659,-103.9835641,2.6
32.7037,-109.0619,2.7
31.51443023,-104.0170221,2.7
36.6455,-121.2621667,2.58
43.7841,-105.3482,2.7
36.6046667,-121.2093333,3.28
47.687333333333335,-121.859,2.68
35.27616667,-98.02616667,2.62
38.8615,-122.8348333,2.69
43.6284,-105.1484,3.4
31.62378864,-103.9907903,2.8
40.342,-124.2786667,2.68
33.954,-106.9129,3.3
38.1822,-117.8737,2.6
37.2292,-97.9493,3.2
31.68128059,-104.3839261,3.0
31.68032006,-104.3903779,3.4
31.62376903,-104.1161505,2.5
35.96983333,-97.56066667,2.71
43.7664,-105.3357,3.1
31.62072795,-104.5326923,2.7
30.8464,-116.3895,4.4
39.6556667,-123.8715,2.81
31.61581119,-104.3045324,2.7
36.69633333,-97.67366667,3.04
41.9908,-119.5777,2.7
41.9727,-119.5654,2.5
31.68127027,-104.3855411,2.5
38.3553,-115.8331,3.0
35.4049,-113.6729,2.7
32.8348333,-116.0415,2.57
38.8013333,-122.7863333,2.58
31.124,-115.5058333,3.28
36.873,-121.6036667,2.65
43.917,-105.4453,2.9
43.6046,-105.3568,3.1
31.73456842,-104.1073856,2.5
41.976,-119.5586,3.1
31.51047843,-104.0296311,2.5
31.61420308,-103.9705722,3.2
31.61894129,-103.9972239,2.8
41.9601,-119.5579,2.6
35.3063333333333,-82.4926666666667,2.69
39.631,-120.1395,3.12
35.5033333,-118.393,2.62
34.1771667,-117.032,2.71
43.7466,-105.363,3.0
40.1934,-98.3011,2.7
35.2575,-98.02716667,2.65
35.5086667,-118.3915,3.56
38.3737,-115.8032,3.0
31.71139301,-104.1763164,3.4
36.0448333,-117.708,2.74
36.0406667,-117.7101667,2.71
34.949,-97.61983333,2.79
43.6774,-105.494,2.8
35.2555,-98.0275,2.83
31.73859713,-104.2497591,2.8
41.9732,-119.5587,3.5
37.827,-122.6663333,2.63
35.25916667,-98.02416667,2.51
31.73638956,-104.1114364,2.6
35.9356667,-120.0126667,3.98
37.3258333,-121.6876667,3.59
39.4441666666667,-92.2526666666667,2.59
43.7914,-105.3407,3.4
31.73591729,-104.1143963,3.0
31.73201662,-104.1130264,2.6
45.5338,-111.662,2.9
31.61394824,-103.9783716,2.7
37.4771667,-118.6121667,2.63
35.9336667,-120.026,2.84
31.61668416,-104.2719908,2.9
41.9955,-119.5948,2.6
31.66602425,-104.2416858,3.5
30.8005,-116.2416,2.9
41.9856,-119.553,3.0
37.8783333,-121.9458333,2.9
43.7561,-105.3592,3.4
31.60609038,-103.956147,2.5
31.61431841,-104.5293976,3.3
31.6097471,-103.9626179,3.2
31.59215386,-104.5431518,3.0
44.4673,-115.2006,2.6
31.6093688,-104.5457539,2.6
31.62728579,-103.9754721,2.6
31.630724,-103.9781778,2.6
43.7597,-105.3037,3.2
36.249,-120.8478333,2.6
31.67545477,-104.4312481,3.2
31.56717435,-104.0468534,2.9
45.1838,-106.8484,3.3
31.61385453,-103.9717811,2.5
32.4307251,-102.0742426,3.0
34.4301667,-119.2921667,2.59
37.1563333,-118.338,3.91
37.4156667,-118.5341667,2.58
32.5355,-118.1305,2.88
37.4171667,-118.5338333,2.59
31.69946955,-104.1708528,2.7
32.8361667,-116.0403333,3.82
31.61479245,-103.9658675,2.7
33.9604,-106.9296,3.4
33.9704,-106.9149,2.6
43.802,-105.3445,3.3
39.0416667,-123.0855,2.72
31.60971654,-103.9723007,2.5
31.64266733,-104.2259089,2.9
43.8121,-105.4315,3.4
31.72856511,-104.5243923,2.7
39.8096667,-123.1873333,2.53
31.67150103,-104.4037571,3.1
31.56357293,-104.1398534,2.5
31.5621748,-104.1441462,2.5
31.56079363,-104.1446752,2.5
38.8788,-97.4298,2.5
31.55439337,-104.1371084,3.5
35.28283333,-98.01716667,2.9
31.60928415,-103.9636918,2.5
43.7465,-105.3025,3.3
33.1608333,-116.0193333,2.63
31.68216525,-104.3893176,2.6
40.3545,-124.5653333,2.66
31.68666321,-104.4044329,3.1
30.7774,-116.4095,4.3
37.9932,-118.2341,2.6
35.5861667,-116.9095,2.52
31.56777641,-104.097804,2.9
36.7043333,-121.3368333,2.6
31.59041145,-104.1986443,2.5
36.6423333,-121.2633333,2.7
48.0288,-69.6722,2.6
35.28533333,-98.01083333,2.8
31.68441096,-104.3974134,2.9
32.43255615,-102.0742426,2.6
47.2568,-115.2674,2.6
33.9923333,-118.3508333,2.52
37.2693,-97.9332,2.5
38.1701,-116.7331,2.6
31.57,-115.694,2.8
31.61409731,-104.0025809,3.0
31.61348604,-103.9791765,2.9
31.6155766,-104.0067572,2.5
31.62673498,-104.0029099,4.7
31.62399855,-103.9967096,2.6
31.63414005,-103.9876096,4.5
31.71009894,-104.4725011,2.7
36.0043333,-120.5643333,2.51
33.0695,-115.5835,3.01
31.68670531,-104.3979724,2.7
30.9238,-116.4862,4.3
38.3674,-115.7972,2.5
31.96472168,-102.3454173,2.5
44.2499,-105.4587,2.6
37.2916667,-121.6641667,2.92
33.8758333,-117.7658333,2.78
43.75,-105.3449,3.4
45.7945,-106.7533,3.0
45.9431,-106.587,3.1
31.52836424,-104.0080874,2.7
35.6381667,-117.4441667,2.51
31.6797273,-104.4108303,2.9
32.91,-115.9686667,2.57
38.1864,-117.8655,3.5
31.71635872,-104.5581962,3.6
38.3489,-115.8266,2.9
38.322,-115.9271,2.8
47.1374,-65.6019,2.8
31.61543446,-103.9806647,2.5
31.60261979,-104.2379952,2.5
30.9783,-116.4784,4.5
32.2506667,-115.369,2.87
31.72202186,-104.538867,2.7
30.7936,-116.3907,6.2
31.5651355,-104.0973856,2.6
41.5098333,-112.1785,2.81
31.67840454,-104.5330249,2.8
45.2583,-106.835,2.8
37.9964,-118.2278,2.9
38.3662,-115.8242,3.0
31.72073247,-104.5270042,3.2
31.67402863,-104.2907317,2.5
31.67866353,-104.4980343,2.8
31.61467777,-104.0008352,2.5
31.52457686,-104.00686,2.6
46.8121,-112.6827,2.9
35.5711667,-120.8061667,2.81
31.63489585,-104.0020069,4.0
34.1968333,-116.9511667,2.62
31.62950719,-103.9986185,2.6
31.67179354,-104.4947353,2.7
31.55345937,-104.0868348,2.5
31.61052859,-104.0045813,3.0
31.64230543,-104.0188587,2.8
31.63432551,-104.0007935,2.6
31.62771827,-103.9838138,2.5
31.66637445,-104.5436651,2.9
31.63249997,-103.9970184,2.6
31.67380084,-104.5340535,2.8
35.87416667,-97.58933333,2.64
43.8182,-105.2302,3.4
31.6348178,-103.9911103,2.5
30.71228027,-104.673447,2.5
44.2217,-116.2381,3.4
31.61738727,-103.980808,2.5
31.6196887,-103.9797423,2.5
31.63863353,-104.0174954,2.6
31.63586216,-103.988021,3.8
31.61709197,-104.0004432,2.5
31.6073714,-103.9868145,2.9
31.61508142,-103.9832184,3.6
31.61147683,-103.960608,2.5
43.7499,-105.3376,2.8
31.61603198,-103.9735391,2.8
31.6128595,-103.9949091,2.7
31.62947111,-104.0091105,4.0
31.63447804,-103.9896289,2.6
31.62852652,-103.9826069,2.5
31.60882457,-103.9636898,2.6
31.61789254,-103.9665535,3.3
31.63413111,-103.9903,2.8
31.63425093,-103.9888208,2.6
31.6367452,-103.9987871,5.4
47.2961,-114.1463,3.7
42.214,-111.091,3.04
42.2158333,-111.0901667,2.6
42.2126667,-111.091,3.57
42.2076667,-111.0896667,2.97
42.2151667,-111.0913333,2.81
37.4401667,-122.4241667,2.83
43.6397,-105.3207,2.8
43.7598,-105.3002,3.2
38.2014,-117.8786,2.5
43.8047,-105.3078,3.1
35.28233333,-98.01733333,2.92
31.56971559,-104.1011759,2.7
39.3318,-117.4792,3.0
45.7212,-73.6966,3.0
38.8171667,-122.7993333,2.69
38.82,-122.793,2.96
36.3831666666667,-90.9101666666667,2.5
44.7905,-110.8218333,2.59
32.27325439,-101.9349038,2.9
44.359,-115.1372,2.6
43.6265,-105.248,3.1
43.824,-105.2226,3.3
32.6524,-93.9825,3.0
31.68403456,-104.3844888,2.5
31.56471977,-104.1141859,2.6
31.56818731,-104.1093671,2.6
31.65098384,-104.2173573,3.3
31.64823732,-104.2151853,2.8
44.3785,-105.5276,2.5
36.8175,-121.5528333,2.73
44.2525,-115.1038,3.0
41.5125,-112.1813333,3.58
38.5111667,-119.5185,3.09
31.5266667,-115.7781667,2.78
43.829,-109.2413,3.4
38.1878,-117.8543,2.5
37.8308333,-122.0476667,2.71
32.22198486,-103.0796256,2.6
35.8905,-117.7288333,2.8
35.7415,-117.5666667,3.19
35.8008333,-90.1481667,2.5
36.3435,-89.433,3.19
31.10995141,-103.2439976,2.7
34.72283333,-98.48466667,2.76
38.8085,-122.735,2.61
31.61005255,-104.3069072,2.7
40.1488,-119.1397,2.5
40.1662,-119.1438,2.5
31.5633333,-115.6926667,2.97
34.944,-97.62583333,2.71
44.3759,-115.1221,2.6
40.1633,-119.1358,2.6
31.5097,-115.6351,2.7
31.6716,-104.3605,2.7
40.2838333,-124.4176667,2.53
39.6085,-120.3948333,2.76
39.4851667,-123.115,2.63
40.1563,-119.1389,2.5
31.66201297,-104.3783731,3.3
40.172,-119.148,3.3
31.5643333,-115.6708333,2.65
38.5181667,-119.5206667,3.23
39.7935,-123.1898333,2.51
38.5203333,-119.5126667,2.88
45.0921,-106.9013,3.1
31.65135131,-104.3180018,3.5
32.727,-118.2761667,2.63
43.0176,-111.6004,3.1
36.53883333,-98.96366667,2.51
31.5623333,-115.6716667,2.5
31.509,-115.782,3.81
31.5571667,-115.6993333,4.04
31.5536667,-115.7113333,3.69
31.5138333,-115.7966667,3.1
44.3722,-115.1574,3.6
39.4828333,-123.1165,3.76
28.1429,-112.2235,4.3
34.66583333,-96.0045,2.55
36.54016667,-98.96333333,2.61
36.9838333,-112.9426667,3.78
33.8315,-118.2781667,2.69
43.7797,-105.338,3.2
36.629,-121.2515,2.8
37.0878333,-91.0195,3.16
35.647,-117.4993333,2.66
28.96087646,-97.99804688,2.8
31.6791131,-104.4339741,2.5
38.8333333,-122.795,2.94
38.8331667,-122.7961667,3.19
44.6548,-112.5143,2.9
37.4886667,-119.4043333,2.55
28.1573,-112.3106,6.1
28.96179199,-97.98874081,2.7
28.96362305,-97.99494485,2.8
38.8363333,-122.8013333,2.83
28.98834229,-98.03527114,3.0
43.822,-105.3672,3.2
31.1645,-116.7047,3.3
31.5301667,-115.7598333,3.27
31.5638333,-115.6906667,3.1
37.43,-121.7728333,2.8
31.16813827,-103.264417,2.5
31.61903434,-104.0946022,2.5
43.8693,-108.0343,3.3
38.3953,-96.8794,2.5
41.5028333,-112.1756667,2.69
38.4013,-96.8417,2.8
37.3105,-121.6745,2.77
30.2041626,-104.6552258,2.6
32.5882,-109.023,3.0
32.5442,-109.0157,3.1
36.6871667,-121.3175,2.54
42.27166666666667,-124.57966666666668,2.9
29.25750732,-97.46036305,2.9
27.9226,-111.8314,4.2
33.7098333,-119.2718333,2.79
44.3927,-115.2615,3.0
35.974,-117.3248333,2.86
31.61580046,-104.2655282,2.6
43.6105,-105.2577,3.3
29.24102783,-97.46863511,2.6
44.3255,-115.0664,2.5
32.00623877,-103.8406251,2.7
37.3158333,-121.6805,2.83
31.50369418,-104.0615686,2.8
37.6296667,-121.8145,2.8
34.3418333,-117.569,3.01
34.1625,-80.7191667,2.54
36.5111667,-117.3738333,2.52
32.49481201,-101.6755192,2.5
29.23736572,-97.47070313,3.5
34.0463333,-117.2351667,2.85
40.274,-124.414,2.79
31.61152169,-104.1051839,2.8
31.18922903,-103.3572672,2.5
32.48931885,-101.6733756,3.4
43.8189,-105.2935,3.1
29.23370361,-97.46863511,2.8
31.61084666,-104.2466622,2.5
29.23370361,-97.47277114,2.5
35.16906738,-101.7660757,2.5
36.9416667,-121.3346667,2.92
37.611,-118.8613333,2.87
37.6091667,-118.8613333,2.53
43.5926,-105.2517,3.1
40.3113333,-124.3686667,3.66
35.6548333,-117.4845,2.62
36.551,-89.6845,2.81
28.58093262,-98.70013787,3.3
28.4463501,-98.7611443,3.0
36.3023333,-89.4693333,2.73
33.6378333,-116.7423333,2.75
33.6383333,-116.7436667,2.85
38.5471667,-119.534,3.05
37.3163333,-121.6811667,2.72
37.3106667,-121.6751667,3.54
37.3056667,-121.6731667,2.94
37.3115,-121.672,5.06
33.0002,-105.9296,3.0
36.5876667,-81.0625,2.59
31.61366151,-103.9955853,2.5
31.67492506,-104.3714882,2.6
33.9898333,-116.9996667,2.66
43.531,-105.0927,3.1
44.3233,-115.1565,3.0
38.7943333,-122.779,2.52
40.5781667,-124.14,4.1
43.7995,-105.3273,3.3
32.78411865,-100.6872856,2.898075421
37.1215,-121.5215,2.65
33.4806667,-116.4261667,3.27
43.8116,-105.3496,3.1
36.83533333,-97.87183333,2.93
39.3107,-114.5493,2.9
39.6703,-116.7279,2.6
39.6096,-116.9273,3.4
39.6995,-116.7163,2.8
37.8021667,-122.608,2.57
40.5906667,-124.0748333,2.61
31.68212359,-104.3957777,3.1
31.67243422,-104.4016123,3.7
31.6826,-104.419,3.5
31.66692993,-104.3999478,3.1
38.8256667,-122.8228333,2.53
38.8333333,-122.8171667,2.78
37.3605,-121.7188333,2.52
31.64865291,-104.223799,2.5
38.0721,-118.8638,2.5
38.0658333,-118.8585,2.63
40.1221667,-121.401,2.68
31.6480198,-104.212762,2.9
31.9225,-118.2288333,3.79
40.3495,-123.5185,4.32
31.64319288,-104.2129973,2.8
31.66128988,-104.2241581,3.367831862
38.816,-122.8108333,3.22
38.8233333,-122.8098333,2.55
38.8176667,-122.8078333,3.27
38.8121667,-122.8151667,3.33
38.1958333,-112.2805,2.51
31.60955928,-104.2722054,2.9
40.3865,-124.2983333,2.67
31.6103947,-103.9758004,2.5
31.64591099,-104.3809226,2.8
36.2746667,-89.4768333,2.51
35.9405,-97.89,2.59
36.1438333,-121.605,2.65
38.7928333,-122.7543333,2.55
39.6415,-107.4845,2.9
44.3322,-115.1751,3.4
33.4506667,-116.888,2.56
44.7143,-114.4203,2.6
37.5195,-118.8795,2.83
31.64293987,-104.2175697,2.5
31.5256667,-115.78,2.59
32.00028938,-103.8287224,3.3
31.68204991,-104.4070829,2.5
38.765,-122.7143333,3.14
38.1836,-117.8566,2.9
31.60720673,-103.9666414,2.9
38.1533,-117.9446,3.1
31.66941712,-104.4061606,2.5
47.2691,-114.1547,3.2
31.60605861,-103.9663674,2.7
31.68068884,-104.4043787,2.9
39.353,-119.9641,2.8
35.0453333,-118.9916667,2.72
32.26593018,-101.9177544,2.9
35.95033333,-97.874,2.74
32.00364424,-103.8175224,3.4
47.709,-117.53916666666667,2.93
43.7345,-105.3978,3.3
45.2093,-106.8691,3.5
36.98083333,-97.49333333,2.67
35.95316667,-97.87283333,2.61
44.7846667,-110.8053333,2.85
31.8176667,-116.0706667,2.57
35.94266667,-97.88483333,3.15
31.55597654,-104.1427634,2.8
39.0688333,-123.0976667,2.73
35.0486667,-118.9958333,3.67
31.65225681,-104.2378177,2.9
33.8378333,-118.2661667,2.52
38.5498333,-119.4411667,3.54
40.3751667,-124.5743333,2.64
29.2666626,-97.44175092,2.7
40.3725,-124.5798333,2.64
31.4663333,-114.3305,3.22
40.4825,-121.619,2.75
31.5071,-114.3592,3.8
31.4701667,-114.3495,3.54
39.3511,-119.9712,2.8
31.66574382,-104.3697934,3.0
35.6735,-117.5615,2.88
31.6719487,-104.2722782,2.6
35.6578333,-117.4841667,3.01
35.9038333,-84.155,2.51
31.61075916,-104.3798065,2.6
31.67521613,-104.3978691,2.5
31.64190362,-104.2401641,2.6
31.62485567,-104.3672863,2.5
41.8303333,-124.566,2.59
31.6546837,-104.298115,3.0
31.60772098,-104.2721914,2.5
35.93616667,-97.89883333,2.7
31.53961864,-104.1520685,2.7
35.94366667,-97.88416667,3.14
37.663,-122.4965,2.56
33.0413333,-116.3546667,3.47
35.94133333,-97.89133333,3.21
44.540333333333336,-122.55083333333332,4.39
35.94133333,-97.89,3.42
31.73369112,-104.0974151,2.7
31.73564266,-104.0978304,3.2
31.73468275,-104.1075209,2.9
35.9455,-97.8955,2.71
31.621,-116.0356667,2.77
35.94183333,-97.8895,2.88
33.2083333,-115.5425,2.79
33.2041667,-115.5441667,2.84
35.9415,-97.891,2.78
31.6836667,-115.152,2.61
37.8699,-117.4765,2.9
34.0243333,-117.2246667,2.54
35.94016667,-97.89166667,3.19
44.7014,-114.4027,2.6
39.6975,-114.244,2.6
37.2028,-115.0807,2.5
28.50402832,-98.17486213,2.6
37.3278333,-120.0411667,3.01
44.5963333,-110.6826667,2.51
44.2065,-115.0782,3.1
32.3381667,-115.2443333,3.57
31.73795177,-104.0951503,2.9
35.9395,-97.89266667,2.8
33.9246667,-116.9215,3.01
40.8273,-117.0879,3.1
31.67691285,-104.4194181,2.8
31.67862959,-104.4030142,2.5
33.8696667,-117.7646667,3.08
32.9686667,-115.8898333,2.71
31.59933663,-103.9843573,2.8
32.46276855,-102.0410156,3.3
37.0707,-97.7981,2.5
35.94033333,-97.89583333,2.6
35.93916667,-97.8935,2.57
35.94183333,-97.89383333,2.52
44.7488333,-111.1135,2.77
31.68716188,-104.1974227,2.9
36.69933333,-97.6685,2.76
44.2125,-115.0913,2.5
48.06783333333333,-124.613,2.95
33.4803333,-116.5131667,3.41
31.69072462,-104.4825414,3.2
32.38494873,-101.098871,2.8
31.67704136,-104.4999022,2.9
34.0613333,-116.9548333,2.53
31.67011529,-104.4048212,2.7
36.2476,-115.1502,2.5
44.7751667,-110.8015,2.63
36.9998,-104.8654,2.5
36.499,-98.42216667,3.09
31.71614713,-104.0888315,2.7
38.151,-117.9748,3.1
37.5,-121.6206667,3.35
27.0398,-111.3805,4.3
26.9509,-111.4476,5.4
31.90309264,-103.9201793,2.8
35.24966667,-97.752,2.69
32.96447754,-100.9048685,2.7
38.1572,-117.9532,2.8
36.9603333,-121.603,2.61
31.65603154,-104.3035079,2.5
31.66176222,-104.3059757,3.0
34.4301667,-116.4898333,3.33
35.509,-118.3876667,2.55
36.4028333,-90.8836667,2.81
35.5076667,-118.3885,3.7
35.9696667,-119.878,2.78
31.71534422,-104.2991344,2.7
35.3355,-118.546,2.78
40.392,-124.4776667,2.79
43.7714,-105.3657,3.2
43.5911,-105.2432,3.2
47.8686,-114.3535,2.9
39.7988333,-123.1926667,2.52
31.6223333,-116.0343333,2.73
41.2984,-106.9976,2.8
38.8051667,-122.7428333,2.7
32.4755,-115.3251667,2.59
36.5491667,-121.1085,2.52
44.353,-115.1549,2.5
44.3245,-115.1616,2.5
31.2153333,-115.8653333,2.93
32.157,-115.1648333,2.55
43.526,-105.1766,3.1
40.3136667,-124.7245,4.84
36.545,-121.1003333,2.5
43.7368,-105.4062,3.4
31.68064998,-104.4103004,2.5
38.7713333,-122.714,3.05
40.2178333,-122.6548333,2.74
39.7915,-123.1876667,2.77
48.0465,-124.715,3.49
44.3767,-115.1391,2.5
44.7855,-110.7991667,2.73
44.6667,-114.3299,2.5
44.5303,-114.701,3.0
31.72552347,-104.5316323,2.5
31.91566147,-103.3894185,2.7
31.73835024,-104.1096973,2.5
31.71859578,-104.5951138,2.7
31.68150851,-104.4194605,2.8
31.89914779,-103.4153506,2.5
36.1721667,-117.8355,3.04
44.7738333,-110.7978333,2.54
40.2941667,-124.4145,3.69
33.3623333,-115.7913333,2.73
33.3613333,-115.791,3.48
39.8078333,-123.1853333,2.59
39.8005,-123.1861667,3.96
35.704,-117.479,2.82
44.7801667,-110.804,2.93
31.75465421,-104.5685751,2.7
44.777,-110.8088333,2.69
36.6773,-113.498,4.4
36.7296667,-121.3453333,3.26
46.9424,-112.5014,2.6
44.7835,-110.8098333,2.51
33.761,-115.9435,2.58
44.7891667,-110.8096667,3.93
33.764,-115.9403333,3.3
33.7635,-115.9373333,3.53
33.7621667,-115.939,2.54
33.7633333,-115.9406667,2.68
37.6095,-119.7873333,2.83
35.9601667,-117.9805,2.9
40.3408333,-124.4236667,3.18
40.3411667,-124.4256667,2.89
44.3338,-115.2205,2.7
35.8918333,-117.7216667,2.56
41.9727,-119.5659,2.9
31.5668333,-115.687,2.85
31.65974822,-104.2965404,2.6
38.5233333,-119.505,3.65
31.70944873,-104.0971405,2.9
37.0368,-104.9214,2.9
44.0523,-105.3872,3.3
31.72392109,-104.5308076,2.5
36.9443333,-121.0358333,3.25
45.232,-107.0818,3.3
37.859,-122.2441667,2.85
31.56190495,-104.100593,3.3
31.56186635,-104.1097332,2.5
38.2855,-122.4135,2.67
43.6663,-105.2461,3.2
31.66976384,-104.3881306,2.8
36.8216667,-121.5546667,2.82
38.1784,-117.8713,2.5
36.043,-117.376,2.74
31.67535067,-104.3768753,2.5
38.4813333,-122.7036667,4.29
38.475,-122.7071667,4.39
35.2793333,-119.391,2.68
31.8656667,-116.1953333,2.61
37.4665,-118.8123333,3.0
31.6562224,-104.3102372,2.7
37.1288333,-121.5245,2.69
31.6245,-116.0178333,2.91
28.0905,-112.1787,4.1
31.65714154,-104.3102446,3.2
31.92486441,-103.3980378,2.9
31.65968013,-104.3083811,3.1
44.3579,-115.1997,2.5
31.92739251,-103.3983033,2.6
31.57446407,-104.1700348,2.9
38.1688,-117.8757,2.5
39.6025,-120.4031667,3.3
44.0871,-105.3065,2.9
31.67501085,-104.1916871,3.0
39.6043333,-120.3996667,2.74
34.2053333,-118.5978333,2.6
31.67798094,-104.1952065,2.9
37.8453333,-122.2335,2.92
31.6137586,-104.0008309,2.5
37.1438,-116.5993,2.8
44.7981667,-110.7938333,2.51
33.3768333,-83.8596667,2.54
44.7948333,-110.7968333,2.89
31.5961458,-103.9762748,2.6
37.566,-118.926,2.92
31.59519859,-103.9848764,2.8
36.6365,-121.2581667,3.24
38.8325,-122.8076667,2.93
39.1258,-99.1904,2.6
43.8033,-105.3207,3.0
33.1183333,-116.0848333,2.68
31.60430273,-104.0107377,2.9
43.663,-105.3065,3.3
36.50033333,-98.42366667,2.54
38.7813333,-122.7468333,2.57
38.7891667,-122.7595,2.95
35.1604,-111.5483,2.7
31.68260056,-104.3930901,3.0
36.8376667,-121.5693333,2.51
32.2576,-104.6344,2.5
38.8266667,-122.8043333,2.56
47.842,-122.75166666666668,3.71
31.67521263,-104.3984074,2.9
31.66156496,-104.3003225,2.7
36.5603333,-121.1541667,2.63
35.3678333,-118.549,2.58
38.1221,-118.0538,2.7
31.67028138,-104.3030833,3.082102624
31.65417772,-104.3061841,2.5
33.9918333,-116.843,3.19
40.3098333,-124.4598333,2.5
35.9285,-120.701,2.63
40.0238333,-123.7751667,2.73
44.5898333,-110.6768333,2.57
37.3121667,-121.6781667,3.36
36.5661667,-121.1366667,2.53
36.5688333,-121.1308333,3.47
44.2908,-115.1904,3.3
33.0885,-116.044,2.82
44.1981,-115.1766,3.4
44.1994,-115.0408,2.5
44.2664,-115.1298,3.4
33.8796667,-118.4575,2.88
35.637,-117.5571667,2.94
34.0203333,-117.5595,3.57
31.562,-115.6941667,2.53
31.60053045,-104.2420142,2.6
32.2203,-103.4011,2.7
31.55755125,-104.0392762,3.0
35.322,-97.88833333,2.5
37.1508333,-121.5391667,2.79
31.6006595,-104.001038,3.0
31.60119603,-103.977911,2.5
32.4508667,-102.0528058,2.7
32.77313232,-100.6572742,3.2
44.2879,-114.8706,2.9
31.4886,-115.6937,2.5
36.5585,-121.1023333,2.87
36.702,-89.495,2.59
36.5595,-121.1031667,2.91
41.0329,-114.8257,3.0
37.4326667,-118.7546667,2.79
31.58225387,-104.0074046,3.5
31.59192553,-104.0015346,4.093029702
31.68134464,-104.4094992,2.9
44.6768,-67.6344,2.6
31.62459784,-103.9893144,4.4
31.60155272,-104.0085728,3.7
41.9732,-119.5575,3.2
36.549,-121.0965,4.0
44.529,-115.2025,2.7
31.61207951,-104.2735695,2.5
44.2595,-110.6061667,3.33
35.8745,-90.0546667,2.59
37.6675,-119.4313333,2.66
40.5055,-124.256,3.33
31.5623333,-115.7113333,2.65
36.8903333,-121.404,2.92
31.65382342,-104.4689899,2.5
39.7498333,-121.8515,2.7
31.70622942,-104.0976604,3.4
38.1502,-117.8993,3.9
36.315,-98.1755,2.59
39.4328,-99.552,2.6
32.4063333,-115.2251667,4.03
40.3753333,-124.9411667,2.77
46.9373,-112.5426,2.5
33.4826667,-116.429,2.55
31.5431083,-104.1426832,2.6
43.7327,-105.3215,3.2
31.6763212,-104.4046083,2.5
32.26409912,-101.9156107,2.8
31.70853181,-104.0965967,2.7
32.77313232,-100.6701362,3.0
35.6443333,-118.3181667,3.42
31.6253,-104.2953,2.5
31.70691991,-104.0973952,3.1
35.806,-121.3868333,2.73
39.5296,-98.4896,2.7
44.0567,-105.3558,3.0
45.9449,-74.82,2.5
38.1813,-117.9717,3.4
44.4963,-115.1913,2.8
43.7698,-105.3341,3.0
37.3568333,-121.7126667,3.0
44.7796667,-110.81,2.71
44.7858333,-110.8076667,2.64
31.59500986,-104.2430496,2.6
44.2685,-115.1461,2.5
36.9832,-104.8284,2.6
30.8442,-115.9623,3.3
32.01110471,-103.8214602,2.5
44.782,-110.8053333,3.03
31.0756667,-114.1633333,3.19
32.394104,-101.598347,3.1
31.7346472,-104.509911,2.7
44.7755,-110.8038333,3.09
44.7826667,-110.8016667,3.08
44.4028,-115.1984,3.5
42.2321,-107.2294,3.3
41.1385,-116.7302,2.7
38.1562,-118.0016,2.5
33.3161667,-116.3506667,3.27
41.1547,-116.7227,3.1
31.65632606,-104.5653574,2.8
39.5418,-98.494,2.6
31.63598701,-104.4564395,2.5
33.777,-116.9925,2.56
32.76397705,-100.6658489,2.6
36.7813333,-121.5248333,2.86
32.8516667,-116.0123333,2.77
31.61081741,-103.9870993,2.8
36.9911,-104.8631,2.8
36.461,-121.0418333,2.5
31.53103512,-104.1694828,2.5
38.5748333,-119.4496667,2.65
31.70822692,-104.1655251,2.6
44.2741,-114.8821,2.5
36.1686667,-91.1988333,3.14
32.83905029,-100.9338081,3.2
33.3441667,-116.3615,2.61
38.8398333,-122.8216667,2.59
32.83630371,-100.947742,2.8
44.336,-115.1875,2.5
29.25201416,-97.4955193,2.9
31.65894214,-104.3167179,2.5
44.2651,-115.1646,2.9
38.16,-116.0314,2.5
33.362,-115.7933333,2.92
31.5611667,-115.7045,2.55
32.76763916,-100.6551305,2.752444994
38.5888333,-119.4588333,2.83
32.77679443,-100.6529869,3.1
44.687,-67.6413,3.0
36.4321667,-120.6738333,2.82
33.9263333,-116.7775,3.19
32.76580811,-100.6637052,3.803475183
36.97966667,-97.493,2.71
44.6772,-67.6276,2.6
32.76947021,-100.6572742,3.0
39.5744,-119.0905,2.6
31.1826293,-103.27053,2.9
31.64647395,-104.4005707,3.0
40.432,-123.4543333,2.52
32.7053833,-100.7130097,2.6
31.73513088,-104.1102169,3.3
31.73835024,-104.1096973,2.6
38.5756667,-119.4438333,2.57
36.1036667,-117.8573333,2.79
31.73742879,-104.1102305,2.7
44.2854,-115.1096,2.6
36.8255,-117.4605,2.61
33.1901667,-115.5221667,2.62
40.3441667,-124.3655,2.7
33.1915,-115.5216667,2.71
33.1938333,-115.5283333,2.97
31.6161956,-104.2345968,2.9
33.194,-115.5201667,2.82
46.13033333333333,-120.5,3.0500000000000003
40.7575,-123.9355,3.57
34.9801667,-86.6185,2.66
41.132,-123.882,3.17
31.66934554,-104.3816673,2.7
38.511,-119.541,2.5
31.68057231,-104.3868808,2.8
47.86216666666667,-123.25716666666666,2.56
40.285,-124.4623333,2.5
32.41973877,-101.591916,3.4
38.5808333,-119.4516667,2.87
38.5876667,-119.4523333,3.45
31.68251678,-104.5053413,2.9
34.4333333,-116.4911667,2.8
38.5881667,-119.459,2.93
44.7073,-67.624,2.8
44.1345,-105.4328,3.1
38.586,-119.4498333,3.49
44.6943,-67.6224,2.8
49.0129,-67.995,3.0
31.68330721,-104.4253993,4.5
40.483,-124.7926667,2.7
27.742,-111.6657,3.8
43.7321,-111.0989,2.7
31.68194653,-104.4226948,3.1
31.9225,-117.2573333,3.57
38.5856667,-119.4596667,2.52
31.72720604,-104.5521182,2.9
44.0568,-105.3876,2.6
38.2514,-118.363,2.5
35.6531667,-117.496,2.57
31.6714,-104.4573,2.7
31.68286995,-104.4558137,2.931432504
36.5558333,-121.1313333,2.65
44.3,-115.0939,2.6
31.67585811,-104.4051424,2.8
31.66095032,-104.3646384,2.7
32.4206543,-101.7344703,2.662551067
38.5818333,-119.4626667,2.54
31.63100062,-104.3767558,2.6
38.5843333,-119.4488333,3.0
38.5813333,-119.4635,2.61
38.5756667,-119.4533333,2.7
38.5835,-119.4538333,2.57
38.5865,-119.4508333,2.71
42.5973,-111.4372,2.6
38.5816667,-119.446,4.45
44.7743333,-110.8036667,2.8
31.72959515,-104.1150319,3.1
33.3693333,-116.9723333,2.5
36.6546667,-121.0928333,3.26
31.98480086,-104.023391,2.7
44.9905,-106.0477,2.8
33.3428333,-116.2025,2.6
31.5595,-115.711,3.52
31.72131848,-104.599453,2.7
31.72872322,-104.5930719,3.9
36.7695,-121.28,2.7
27.6656,-111.6466,5.2
31.99731482,-103.8225015,2.7
44.4419,-115.2198,2.7
38.5746,-116.0312,2.5
32.85461426,-100.9263053,2.5
36.238,-120.814,2.82
43.9354,-100.4879,3.2
31.67343001,-104.3897782,2.5
40.4001667,-124.7468333,2.71
47.25866666666667,-121.97183333333334,3.06
45.0921,-116.5479,2.7
31.72149605,-104.5170479,3.6
31.67992836,-104.3427296,2.6
34.4603333,-117.8075,3.33
38.6754,-116.0714,2.6
40.3136667,-124.5783333,3.9
45.1258,-106.8307,3.3
44.3176,-114.1625,2.7
36.6278333,-119.2715,2.55
31.69196756,-104.4015196,2.6
38.2285,-119.0793333,2.97
31.9898333,-116.9188333,2.54
36.214,-89.437,2.55
40.1642,-119.6284,2.7
32.26501465,-101.9166825,2.7
40.2866667,-124.4751667,2.53
31.4217989,-103.870275,2.6
31.69832085,-104.480732,2.5
31.6676906,-104.3889197,2.5
31.67394692,-104.2640841,2.5
32.4005127,-101.5865568,3.2
40.7031667,-122.2858333,2.71
38.8389,-118.3404,2.6
31.99756136,-103.8141292,3.0
40.3883333,-124.8945,2.66
44.7798333,-110.8006667,3.13
39.025,-123.0711667,2.78
38.1457,-117.9448,3.0
43.7838,-105.3103,3.0
31.67303692,-104.4148067,2.5
31.68040593,-104.3769196,3.2
31.68339142,-104.377215,2.6
40.4671667,-124.7866667,2.7
31.66212021,-104.3974822,3.2
31.66710223,-104.373035,3.3
31.6743905,-104.3833268,4.2
31.67874093,-104.3857878,3.1
31.66523497,-104.4131203,2.8
44.3536,-115.1459,2.5
31.64978213,-104.3112617,3.3
31.67171146,-104.3709219,3.7
31.69309997,-104.3681467,2.8
31.67955447,-104.366145,3.7
44.6505,-74.5534,2.5
31.5468333,-115.6991667,2.66
40.292,-124.3845,2.66
31.68124458,-104.4245726,2.6
43.7782,-105.2938,3.3
31.66881307,-104.3566319,3.1
39.9816,-98.1608,3.4
37.9998,-117.9558,2.8
31.6695081,-104.3921656,2.5
31.67206767,-104.4223342,2.5
43.6138,-105.3787,3.2
38.6919,-116.118,2.6
38.7079,-116.0572,2.6
31.9075,-116.7616667,4.29
31.9093333,-116.7925,2.53
32.38677979,-101.6154964,3.3
31.63566395,-104.3660346,3.0
31.68887204,-104.3826472,2.9
31.66395848,-104.3974988,2.6
31.60347113,-103.984914,2.5
45.463166666666666,-122.93316666666666,2.84
32.399,-115.2408333,3.09
43.8268,-105.2508,2.9
31.55632374,-104.1161523,3.4
42.5547,-111.7077,2.6
36.5913333,-121.195,2.63
36.0743333,-120.163,3.37
39.4656667,-121.4761667,4.24
43.8022,-105.6284,3.3
31.8516667,-116.233,2.73
38.7928333,-122.7618333,2.57
31.71689843,-104.3085718,2.6
40.2861667,-124.6531667,2.54
31.7204167,-104.5972885,2.5
33.19244385,-100.8716416,3.1
31.60048117,-103.9857073,3.2
36.1928333,-117.816,2.77
44.5322,-114.6812,2.8
36.189,-117.8156667,3.1
31.9245,-116.2701667,2.82
31.61908995,-103.9871371,2.5
31.67750347,-104.3995047,2.7
31.59977304,-103.9913518,2.9
31.66668085,-104.4029061,2.9
31.68011905,-104.4210628,4.9
38.6986,-116.0724,2.7
31.90010607,-103.9198979,2.7
31.65318824,-104.3928273,3.2
31.68242764,-104.419469,3.2
31.67828438,-104.4205075,3.2
31.67759682,-104.420232,3.0
31.66187759,-104.4340816,3.0
38.7189,-116.1204,2.5
33.94516667,-97.00233333,2.51
48.536,-122.2515,2.57
31.60756244,-103.9983809,2.6
31.6036696,-103.9943283,3.1
45.0802,-106.8804,3.4
43.6971,-105.2055,3.1
37.9133333,-118.4551667,3.06
33.2696667,-115.9808333,2.56
31.0166,-116.7829,3.0
38.7553333,-122.7228333,2.76
31.55917074,-104.0363274,3.0
35.5143333,-118.3873333,3.38
33.272,-115.983,3.46
35.5126667,-118.3865,3.8
39.9889,-98.1625,3.8
35.487,-118.2855,3.47
33.4196667,-118.009,3.55
38.8165,-122.8221667,3.26
32.69348145,-100.6090415,3.0
33.4225,-118.0136667,2.67
31.73789295,-104.1091559,2.6
33.231,-116.106,2.99
36.4331,-109.7005,2.5
43.644,-105.3647,3.2
31.61450557,-104.1060083,2.5
31.65887722,-104.3654279,3.4
31.2106,-116.6584,4.0
42.7335,-65.6383,2.6
38.7861667,-122.735,2.5
38.5775,-119.4548333,2.96
31.69492547,-104.2933186,2.8
44.2691,-114.8634,2.5
38.699,-116.084,2.6
31.67481786,-104.4234363,3.2
38.1875,-118.1698,2.7
31.67037843,-104.3997097,2.7
31.65095079,-104.2238153,2.6
31.68051685,-104.3954941,2.5
31.66858202,-104.3932339,2.5
41.283,-123.5321667,2.99
35.7091667,-117.5843333,4.58
34.218,-117.5976667,2.83
38.577,-119.4613333,2.6
34.2206667,-117.5951667,3.25
33.2725,-115.9846667,3.58
38.697,-116.0832,2.5
38.7152,-116.1029,2.7
47.9433,-114.1005,2.5
38.724,-116.0966,3.1
38.7367,-116.0825,2.7
38.7065,-116.0875,2.5
36.9828333,-121.464,2.95
33.3111667,-116.3316667,3.27
32.498,-118.2405,3.58
39.5556667,-111.4053333,2.97
38.6661667,-119.704,2.54
38.6896,-116.1015,2.5
38.7309,-116.0977,2.6
29.00115967,-97.5658318,2.9
38.712,-116.1168,2.6
35.793,-117.6045,2.69
38.7236,-116.084,2.9
28.0381,-107.4775,4.6
28.9956665,-97.58857996,2.9
28.99749756,-97.58237592,2.8
38.6878,-116.0875,3.1
34.1713333,-117.3131667,2.52
31.61944677,-104.1323993,2.5
38.7192,-116.0873,3.0
41.4427,-106.8487,2.7
43.5276,-105.1952,3.2
35.6025,-117.4041667,2.6
38.684,-116.1046,3.5
38.687,-116.0878,3.5
31.72271052,-104.5081732,2.8
31.68135172,-104.4084225,2.5
31.67949929,-104.4105591,2.6
31.65713426,-104.227896,2.6
31.0580245,-103.3631632,2.5
44.745,-111.1026667,2.52
35.02,-97.8175,2.91
44.0809,-115.1652,3.1
31.73595451,-104.6082356,2.5
31.73418598,-104.5995967,2.6
37.4141667,-118.6045,2.72
34.275,-120.0095,2.67
40.226,-121.1521667,2.55
31.73356217,-104.100781,2.5
37.6316667,-119.4151667,2.5
43.8001,-105.292,3.2
33.2323333,-116.1058333,3.11
33.2318333,-116.1048333,2.86
47.1558,-66.1248,2.7
36.2465,-120.8255,2.61
28.98651123,-97.60512408,2.7
38.2281667,-119.0746667,2.78
31.65878975,-104.2623549,2.5
31.59879521,-104.0085595,2.5
37.5663333,-118.9253333,2.78
38.6226667,-119.8226667,2.51
33.2308333,-116.1063333,3.54
37.563,-118.8616667,2.89
29.27947998,-97.44381893,2.6
44.4287,-115.195,2.9
31.65718511,-104.3027097,2.5
31.65308288,-104.2967568,2.5
35.5548333,-118.402,3.53
38.7748333,-122.7128333,2.54
32.715,-118.2046667,3.2
37.353,-118.5498333,2.51
37.353,-118.5516667,3.38
31.61053782,-104.0018916,2.8
31.67217441,-104.3703876,2.7
31.67270827,-104.4296075,3.0
35.0841667,-119.1375,2.66
31.676323,-104.4719011,2.5
38.6943,-116.0897,3.5
44.3294,-116.1696,2.6
44.325,-116.1821,2.5
44.3282,-116.1997,3.1
31.68667755,-104.2889465,2.5
38.6315,-116.1572,2.8
38.6937,-116.1006,2.6
31.64716032,-104.2875612,2.5
31.5511715,-104.1381637,2.5
38.7165,-116.1148,2.5
36.8893333,-90.4783333,2.71
38.7053,-116.0858,3.1
38.7797,-116.103,2.6
38.6573,-116.0588,2.8
40.2941667,-124.669,2.62
31.59897174,-104.3538841,2.6
31.72872322,-104.5930719,2.7
31.64553205,-104.2910465,3.2
41.3971,-119.1041,3.2
31.72407919,-104.2986652,2.9
37.1925,-118.2695,3.24
40.374,-124.3055,2.65
38.2083,-117.7791,3.9
31.63367797,-104.4580316,2.5
31.59768044,-103.9986035,2.6
37.4365,-118.4985,2.58
37.262,-121.6373333,2.68
31.68400918,-104.4235215,2.7
34.1653333,-80.727,3.6
34.1668333,-80.7286667,3.5
31.60898616,-103.9849391,3.3
31.61153236,-103.9793022,3.2
34.3358333,-119.2046667,2.7
31.3357,-115.9243,2.6
34.8005,-106.1602,2.5
33.1813333,-115.6073333,3.02
31.56159148,-104.1202162,2.7
38.8301667,-122.7471667,4.19
31.68502825,-104.408456,2.7
31.55528839,-104.1424902,2.6
40.602,-123.2185,2.59
31.69057833,-104.4031223,2.6
32.6496667,-115.7171667,2.52
43.5266,-110.3967,2.8
31.67611945,-104.3642311,2.7
32.7028333,-115.4478333,2.5
34.1666667,-80.7246667,3.4
48.29416666666667,-121.8635,2.95
31.60994719,-103.9720328,2.6
31.41481601,-103.5352746,3.0
31.71982826,-104.5552712,2.7
32.8588333,-116.1741667,2.5
31.66013015,-104.3853538,2.8
32.652,-115.7193333,2.63
32.6441667,-115.7246667,3.42
31.72524264,-104.5682562,2.5
31.16891202,-103.2065887,2.5
35.9723333,-120.5266667,3.35
47.834,-122.93316666666666,2.64
36.9768333,-117.5901667,2.56
39.6981,-106.9809,2.5
40.6187,-109.4929,3.1
37.4118333,-118.5986667,2.82
31.72981292,-104.5715377,3.0
33.3865,-116.4385,2.73
37.2641,-115.0803,2.6
31.60707147,-104.0075234,2.6
31.61055976,-103.9954363,2.8
32.2993,-104.6071,2.9
42.601,-111.4274,3.0
31.6935961,-104.5598367,2.9
37.6315,-118.8805,2.64
37.6321667,-118.8851667,2.73
37.6316667,-118.8815,2.65
38.8206667,-122.7608333,2.56
37.6401667,-118.8906667,2.77
37.6355,-118.8846667,2.78
42.1175,-123.82866666666666,3.22
32.3988333,-115.2291667,3.75
31.56871551,-104.1708038,2.7
31.68360582,-104.449091,2.9
43.7765,-105.344,3.4
31.73379083,-104.1010517,2.6
47.93116666666667,-124.41683333333332,2.92
31.71844677,-104.5253646,2.6
34.418,-119.139,2.84
31.62758426,-104.2952103,3.3
36.3151,-116.2853,2.6
34.3311,-110.33,3.0
44.3222,-115.1806,2.8
37.1923333,-121.5806667,3.33
31.7298588,-104.5357175,3.8
31.07871877,-103.2521254,3.2
40.393,-124.4445,2.61
40.5938333,-124.175,2.68
32.4525,-82.1405,3.9
30.0788,-113.8135,5.1
30.1501,-113.7326,5.1
30.0817,-113.7212,5.2
35.1083333,-119.0065,3.13
29.14581299,-97.73954504,2.7
36.223,-106.9803,2.8
39.6291,-98.4599,2.5
31.73223214,-104.5559425,3.2
31.67720399,-104.4772932,2.6
32.39776611,-101.6433641,2.5
37.4108333,-118.5875,2.89
32.39227295,-101.6433641,3.6
32.38311768,-101.611209,2.7
35.1836667,-118.988,3.09
38.1723,-117.8226,3.9
37.668,-119.4301667,2.5
29.27947998,-97.44588695,2.9
38.58,-88.0093333,2.54
31.68055343,-104.4248354,2.9
38.8281667,-122.7983333,2.64
31.63152718,-104.1542654,2.5
32.21008301,-103.1042778,2.5
32.8225708,-100.9423828,2.5
32.82440186,-100.9423828,2.5
32.82806396,-100.9338081,3.1
31.66402316,-104.5202253,2.7
35.9876667,-117.4081667,3.24
33.7376667,-119.1521667,2.75
31.71892644,-104.5226767,2.8
32.00719325,-103.8238803,2.9
31.68403074,-104.4202914,2.8
40.63,-109.4837,3.3
40.478,-122.0265,2.58
29.27764893,-97.44381893,2.5
36.84983333,-97.78566667,3.14
36.4141667,-120.989,2.87
33.5033333,-116.4615,2.55
38.9461667,-123.0025,3.01
31.55640129,-104.0395391,2.8
31.62369307,-104.504745,2.6
32.333,-115.2348333,2.73
32.3343333,-115.2368333,3.06
36.342,-120.9146667,2.7
30.89470687,-103.4139525,2.9
31.66586614,-104.3867503,2.9
37.5636667,-118.8621667,2.58
47.7985,-123.342,2.81
37.5628333,-118.8613333,2.57
46.9586667,-112.9193333,2.75
32.4105835,-101.6069217,2.8
31.60337867,-104.384045,2.6
43.5764,-105.3368,3.3
32.30072021,-101.7977087,3.3
32.29797363,-101.7880621,2.6
40.2915,-124.5188333,3.79
24.8549,-115.201,4.2
38.4878,-117.9313,3.0
31.60351641,-103.9709286,2.5
35.5115,-118.3875,3.21
35.5108333,-118.3873333,3.55
31.11312051,-103.3298721,2.7
31.61379489,-103.9900717,3.6
33.283,-116.1145,3.05
36.5448333,-121.1366667,2.68
31.65760532,-104.5180063,4.1
31.59979445,-103.9848973,2.7
31.60529166,-103.9903015,2.5
31.6015713,-104.0031939,2.7
31.72136173,-104.5940674,2.7
37.925,-118.5233333,2.56
40.2996667,-124.502,2.72
45.622,-122.45583333333332,2.65
32.4935,-116.305,2.51
43.7673,-105.3272,3.3
32.4041748,-101.5994188,2.6
31.60539631,-104.277015,2.5
38.7456667,-122.7141667,2.62
32.40692139,-101.5833413,3.9
31.71926451,-104.538838,4.3
31.58706844,-104.4850126,2.8
38.7776667,-122.6258333,2.67
31.60010327,-104.0284678,2.6
31.64845843,-104.4474103,2.6
35.08466667,-95.50733333,2.8
31.71168951,-104.5966527,2.72409908
31.6650748,-104.3288788,2.7
37.2645,-104.4786,2.8
31.65532821,-104.3059242,2.6
38.624,-97.4577,3.0
39.302,-122.8581667,2.51
31.65668013,-104.5788171,2.5
25.1137,-109.7543,4.0
25.196,-109.7535,4.7
25.1162,-109.6413,4.2
31.59606731,-103.9999406,2.6
31.59330613,-104.0010033,2.8
31.59561686,-103.9972491,2.6
31.6550432,-104.5529644,2.6
31.6311,-103.9583,3.3
35.12383333,-95.484,3.16
35.08483333,-95.5055,2.78
31.71331939,-104.5648956,2.6
33.9005,-118.4136667,2.51
40.7188333,-112.0986667,2.52
33.2338333,-116.6641667,3.68
31.71334449,-104.5616645,2.5
31.63193321,-103.9947289,3.0
31.60486574,-103.9800791,2.6
38.1845,-117.8827,3.4
37.1958333,-118.2513333,2.87
38.0765,-122.0076667,4.14
31.72538435,-104.5499443,2.5
31.71220509,-104.5896572,3.1
31.60063728,-104.0074926,2.5
31.59884666,-103.9934991,2.9
31.7210008,-104.5816754,3.2
31.61015535,-103.9787581,3.3
31.71526584,-104.5509138,4.6
31.59607463,-103.9977892,2.5
31.59957436,-103.9819379,4.3
31.59587463,-103.9889134,2.8
25.8259,-110.5196,4.2
34.0105,-116.4458333,2.51
32.07274947,-103.7902783,2.7
25.8786,-110.153,4.2
44.2425,-115.2067,2.5
35.7945,-117.6253333,3.08
39.0608333,-109.2958333,3.76
39.0713333,-109.2858333,2.5
31.3605,-115.8805,2.72
38.8093333,-122.8136667,2.93
38.8003333,-122.8116667,2.99
31.71610183,-104.5616942,2.7
44.4377,-115.1974,2.5
35.889,-117.6878333,2.82
36.1851667,-89.3806667,3.21
32.33,-103.3832,2.7
36.1853333,-89.38,2.61
38.1232,-118.0979,2.8
32.394,-115.2476667,2.76
38.7638333,-122.7153333,2.52
31.61536623,-104.0011075,2.7
32.11303711,-102.1374809,2.7
40.824,-123.28,2.85
31.24522818,-103.5476438,2.5
31.8693333,-116.1776667,3.83
31.64196172,-104.3876147,2.7
38.8138333,-122.8098333,2.5
32.5928333,-115.5295,2.63
48.807833333333335,-120.8225,3.16
35.08433333,-95.50733333,2.73
36.2383333,-120.8108333,3.02
31.57430579,-104.154708,2.8
31.72274693,-103.9814186,2.5
45.0722,-106.9388,2.9
31.62614529,-104.2647993,2.5
31.65459698,-104.423249,2.6
47.5494,-92.582,2.9
31.66735062,-104.3700766,2.7
31.66138635,-104.36841,2.9
35.6026667,-117.406,4.28
31.56712095,-104.167836,2.6
37.2298333,-118.2918333,3.31
37.5456667,-118.8021667,2.5
37.4115,-118.59,2.81
31.55178537,-104.0448916,2.8
31.67117362,-104.3464242,2.6
38.2476,-118.3574,2.7
43.6688,-105.266,3.1
34.374,-118.722,2.57
45.17016666666667,-122.62566666666666,2.7
40.1048,-119.4655,2.5
31.65464279,-104.3809995,3.3
40.0985,-119.4644,2.5
38.1593,-117.9384,2.5
44.3117,-116.1689,2.7
40.6263,-109.4424,3.2
43.7537,-105.3883,3.2
38.1671,-117.9031,2.7
32.5456,-109.1064,2.8
32.5177002,-101.2135575,2.6
39.6326667,-122.0078333,2.58
35.9041667,-84.0201667,2.58
39.79,-122.0033333,2.72
42.8995,-82.4453,2.5
44.2844,-115.0961,3.0
34.4101667,-119.4113333,2.7
44.3619,-115.2151,2.6
38.5181667,-119.5231667,2.61
36.8296667,-121.5553333,2.93
31.67563361,-104.4043329,3.2
47.458,-115.8348,3.0
34.9223333,-119.0171667,2.63
37.5186667,-118.8228333,3.35
32.00191291,-103.8214342,2.6
31.59419186,-104.0106889,2.6
44.3013,-116.1974,2.8
36.29716667,-98.17883333,2.9
40.5215,-122.9758333,2.57
31.59514079,-104.0020877,2.5
40.3743333,-124.8918333,2.63
43.7222,-105.3424,3.1
40.4836667,-124.3091667,3.05
30.8253,-105.4707,2.8
33.2318333,-116.2773333,2.53
31.9911109,-103.8222138,2.6
37.9438333,-118.5413333,2.61
46.0062,-106.7578,3.2
31.68316872,-104.4116693,2.5
33.5018333,-116.504,2.7
28.45916748,-98.74460018,2.5
32.732,-119.5407,2.9
31.69370569,-104.2647719,2.6
31.55207133,-104.1424702,2.5
36.4608333,-116.9495,2.62
31.64380688,-104.3865547,3.0
38.1172,-118.0979,2.5
43.7914,-105.3333,3.2
43.6413,-105.3566,3.3
31.6637,-104.3728,2.5
31.65220843,-104.3661776,2.7
48.29966666666667,-121.852,3.4
38.3701667,-88.9463333,2.52
40.3835,-124.6603333,2.71
35.6433333,-118.32,2.66
34.0068333,-116.4455,2.84
34.0078333,-116.4448333,3.76
31.65467958,-104.2136159,2.7
43.7103,-105.321,3.5
31.67683334,-104.3965378,2.7
31.5145,-115.6358333,2.95
31.504,-115.6405,3.24
32.6989,-104.4516,3.2
34.9123333,-119.353,3.26
35.1055,-96.3135,3.12
32.00004995,-103.8333135,2.8
31.64939686,-104.5093109,2.6
40.3771667,-124.7546667,3.0
31.6064253,-103.9948791,3.2
31.59791297,-103.9977978,2.7
31.9821167,-102.3100467,2.7
31.66300432,-104.4028728,2.6
35.6956667,-117.6093333,3.16
35.6948333,-117.6081667,2.78
45.9615,-106.5758,3.2
33.342,-116.8575,3.48
31.64933546,-104.384451,3.0
31.64010271,-104.3908269,2.6
37.7823333,-112.9468333,2.69
31.68393225,-104.2867715,2.7
36.2231667,-117.8825,2.73
31.67218158,-104.4051091,3.2
32.36938477,-101.6144245,2.8
31.7518049,-104.1830494,3.0
34.7905,-97.76983333,2.84
32.26959229,-101.9456221,2.6
31.61416492,-103.9456909,2.9
43.759,-105.3019,3.4
31.61043564,-103.9628898,3.1
44.681,-109.9963333,4.22
33.4798333,-116.4855,2.57
38.0553333,-119.2275,2.76
31.65302574,-104.3823308,2.5
39.5888,-116.7624,2.7
40.1508,-116.7455,2.5
43.7987,-105.2694,3.1
32.50762939,-101.2189167,2.6
34.1703333,-80.721,2.57
45.3264,-76.2178,2.5
31.68201092,-104.4130047,2.8
35.5235,-117.3873333,2.96
35.5251667,-117.3896667,3.53
31.57904977,-104.0036248,2.5
34.1736667,-80.7313333,2.76
31.31543791,-103.3926569,2.5
36.918,-118.0076667,3.15
33.0425,-116.354,2.57
33.0391667,-116.3538333,3.54
43.7023,-105.3402,3.1
31.60739783,-103.9787457,2.9
37.38,-118.7981667,2.6
34.1588333,-80.731,3.25
44.3536,-115.2085,2.7
35.68,-117.4736667,2.57
39.632,-116.937,2.6
36.7715,-97.84016667,2.86
31.1498333,-115.9853333,2.6
29.8519,-105.047,2.5
35.0885,-95.51833333,2.86
31.70284507,-104.1364118,2.5
38.2368333,-119.3401667,2.57
43.818,-105.3389,3.4
44.4969,-105.4885,3.0
35.5283333,-118.5115,2.7
44.4363,-115.1975,2.7
38.8321667,-122.8126667,2.51
37.7965,-112.9528333,2.53
31.99342185,-103.8157383,2.7
35.8341667,-90.1165,2.73
31.70714658,-104.150709,2.5
31.69756109,-104.1361099,2.6
34.98816667,-95.98833333,2.51
40.8213333,-124.3613333,3.25
37.3885,-118.4088333,2.91
33.9835,-116.662,2.63
31.646951,-104.3978842,2.7
31.69181273,-104.136882,2.6
45.8206,-106.3727,2.8
35.3671667,-120.1806667,2.84
31.67511743,-104.4129416,3.0
31.60995404,-103.969881,3.5
31.60786264,-103.977134,3.2
40.6633333,-123.7663333,2.53
31.61586374,-104.110858,2.7
31.59534738,-104.0088119,3.2
31.59605996,-104.002092,2.5
31.50544823,-104.0226204,2.6
37.503,-121.622,2.6
32.025,-116.4455,2.69
34.0185,-117.198,2.57
38.8235,-122.8013333,2.84
38.824,-122.8008333,2.66
31.67321119,-104.4231523,2.5
43.4759,-110.2606,2.5
36.11216667,-97.86966667,2.81
36.132,-118.0658333,3.45
44.0153,-105.4827,3.1
44.4554,-105.5792,2.8
41.1365,-123.7021667,2.74
40.5781667,-124.3295,2.72
36.1976667,-118.1891667,2.89
38.1577,-117.8887,2.5
31.59978378,-103.9881246,2.8
31.67328772,-104.3760497,2.5
31.65950067,-104.375929,2.5
36.8575,-121.593,2.75
36.8575,-121.5958333,2.69
31.67017885,-104.429853,2.5
31.61423098,-104.1164971,3.5
48.4235,-122.3055,3.56
36.856,-121.6015,2.5
38.2391,-118.735,2.9
31.65935582,-104.3985339,2.7
38.7988333,-122.8116667,3.34
38.8136667,-122.8003333,2.71
38.8195,-122.8031667,3.32
38.7906,-97.0247,2.5
44.3167,-115.4363,2.5
44.7891667,-111.04,2.54
33.80767822,-102.0691857,2.6
33.1548333,-119.0251667,2.72
38.529,-90.4996667,2.84
37.992,-121.8908333,2.66
31.69531285,-104.3816272,2.5
41.6835,-120.0893333,2.62
48.392,-123.246,2.51
31.66460576,-104.4384134,2.9
31.5927375,-104.2381924,2.6
31.65680412,-104.3662173,2.7
36.5725,-121.12,2.73
38.6816,-97.5309,2.7
31.5951219,-104.2215358,2.9
31.61477713,-103.9707092,4.0
38.7001,-118.4791,3.3
40.788,-122.6485,2.66
31.73429953,-104.089204,2.8
35.7945,-119.9881667,2.99
31.61473187,-103.9846963,3.0
31.61106576,-103.9814519,3.6
31.62255892,-103.9804278,2.9
36.573,-121.1268333,2.54
31.66961329,-104.4112763,3.4
31.6071584,-103.9817032,2.5
31.61085255,-103.9763404,3.6
31.60998442,-103.9601982,2.6
31.61429685,-103.9771627,4.0
43.4726667,-110.3133333,2.56
44.0592,-105.2904,2.9
40.5977,-109.4487,2.8
31.76455115,-104.5956255,2.6
31.2615,-115.531,2.79
40.4025,-124.3471667,2.55
39.3263333,-120.142,2.74
44.326,-116.1813,2.6
32.8898333,-115.5261667,2.55
31.64266265,-104.4209859,2.5
38.8328333,-122.8798333,2.74
44.3465,-115.1694,2.7
44.2613,-115.2318,2.6
40.569,-124.334,2.73
31.59044244,-104.2376379,2.7
35.6421667,-117.4541667,2.72
31.4452,-115.7009,2.5
31.61718158,-104.2216921,2.6
45.2228,-69.1376,2.5
31.68926756,-104.318041,2.5
31.66290648,-104.3067923,2.5
31.59612811,-104.204331,2.6
31.65809185,-104.3048699,3.1
31.6328237,-104.2185745,2.5
31.69045583,-104.3113205,2.7
43.8045,-105.3088,3.2
47.4438,-92.567,2.9
31.9308333,-116.9095,2.51
31.65470519,-104.2943477,2.8
32.00373574,-103.8290026,2.6
38.8223333,-122.8021667,2.93
31.62717501,-104.1994339,3.0
31.62550324,-104.2120664,2.5
38.7863333,-122.7635,2.82
36.6781667,-121.3041667,3.22
32.2805,-115.337,2.56
35.6711667,-117.4706667,2.52
36.5408333,-89.5671667,2.64
44.3755,-115.2155,2.8
32.8948333,-115.5135,3.62
31.65564571,-104.2905876,2.9
31.95922852,-102.3175495,2.6
32.901,-115.5226667,2.54
38.1649,-117.8991,2.7
32.9191667,-115.515,3.25
44.3195,-105.5301,2.7
37.4133333,-118.5995,2.95
43.8395,-105.307,3.1
31.99458088,-103.8106099,3.2
32.4128333,-115.2761667,2.5
31.8566667,-115.7346667,2.81
33.6698333,-119.3565,2.88
32.918,-115.5111667,3.41
44.2933,-115.2194,2.7
32.915,-115.5171667,3.29
43.7581,-105.2714,3.1
32.9033333,-115.5085,2.79
32.9105,-115.5138333,3.72
32.9095,-115.5165,3.61
32.9116667,-115.5153333,2.82
47.5098,-92.7241,2.9
35.9438333,-117.6761667,2.73
40.284,-124.7001667,2.59
38.7242,-115.974,2.8
38.7966667,-122.9833333,3.15
32.407,-115.2496667,2.76
43.7727,-105.3666,2.6
32.3671667,-115.2463333,2.56
32.39776611,-101.598347,2.7
32.415,-115.2528333,3.31
32.4235,-115.26,2.94
43.8722,-105.2963,3.3
36.9711667,-121.6291667,2.59
28.82904053,-98.1138557,2.5
41.2768333,-123.9311667,2.68
38.8043333,-122.8221667,2.74
38.8053333,-122.8193333,2.77
33.1006,-109.3488,2.6
28.84918213,-98.13453585,2.7
43.5216,-105.2417,3.0
28.70269775,-99.3794807,2.5
28.73565674,-99.37741268,2.6
47.4261,-112.723,2.7
44.3592,-115.1617,2.7
28.82537842,-98.10971967,2.7
31.6538333,-115.9406667,3.77
28.84185791,-98.17589614,2.6
31.66997223,-104.4599962,3.0
28.85284424,-98.13246783,3.1
36.0411667,-117.576,2.7
43.7272,-105.3608,3.0
37.0725,-117.9308333,2.7
31.68237121,-104.6410122,2.7
31.59497554,-104.2495038,2.8
44.0163,-67.67,2.6
36.9511667,-121.6915,2.56
40.428,-124.4005,2.56
36.8021667,-89.3526667,2.57
44.2008,-105.3978,3.0
31.64937654,-104.3779931,2.9
40.4643333,-124.4016667,2.56
36.0181667,-120.062,2.61
38.6767,-97.5092,2.6
31.9305,-116.8925,4.53
41.1491667,-121.3868333,2.79
38.0016,-118.0462,3.3
31.58578978,-104.2483604,2.7
33.3633333,-116.3625,2.58
31.66230549,-104.3684179,2.6
43.7583,-105.3598,3.1
38.1595,-88.3223333,2.57
31.6840665,-104.4149079,2.6
32.2803333,-115.3418333,2.67
40.4623333,-124.2815,2.55
33.1728333,-115.6436667,3.24
45.6793,-106.5474,3.1
31.63127098,-104.2075331,3.0
31.6154034,-104.2098439,2.6
36.759,-98.06083333,2.67
39.4235,-110.307,2.69
36.7566667,-121.2625,2.57
34.7971667,-120.9676667,2.93
40.286,-124.4603333,2.6
31.5356667,-115.7515,3.09
31.68196449,-104.4200031,3.5
31.6651707,-104.4890169,2.6
43.732,-105.2999,3.0
30.9015,-117.3523333,3.93
31.6690531,-104.4599873,2.5
35.368,-118.4771667,2.52
31.6709213,-104.4556989,2.7
31.68058579,-104.4199904,3.1
35.7981667,-120.3475,2.82
45.9289,-106.5962,2.9
31.68232017,-104.4008941,2.5
37.1018,-115.3239,2.5
35.3131667,-118.5361667,3.28
31.6647967,-104.5396114,2.7
31.71586805,-104.2878287,2.7
44.4435,-115.2561,2.5
37.5793333,-118.8656667,2.89
47.5956,-92.7473,2.9
48.313,-121.54283333333332,2.89
43.5962,-105.2929,3.2
40.318,-124.3651667,2.58
40.1378333,-123.8226667,2.52
29.07623291,-97.80985754,2.6
48.9185,-123.086,2.69
40.4815,-124.2193333,2.78
43.7808,-105.3384,3.0
44.3212,-105.4509,3.2
29.08538818,-97.80778952,2.7
38.1645,-118.0431,2.5
33.9998333,-119.1015,2.5
44.4586,-105.404,3.0
40.4816667,-124.2186667,3.8
40.4871667,-124.2101667,4.07
36.6421667,-121.2656667,2.73
34.446,-106.8942,3.0
34.4277,-106.8079,2.9
38.1682,-117.8203,2.8
43.8027,-105.3213,3.0
31.73783634,-104.6028698,2.5
35.0381667,-116.9765,3.62
36.7981667,-120.7465,2.67
45.0826,-106.8848,2.7
32.5152,-104.4436,2.8
32.40600586,-101.5887005,2.9
31.67371592,-104.4503424,2.6
41.0453333,-123.5105,3.54
38.6265,-119.828,2.73
44.507,-105.4976,2.7
44.185,-105.4376,2.6
40.8165,-123.4696667,3.02
31.73054418,-104.5952467,2.7
38.7486667,-122.7295,2.71
31.65271537,-104.4296901,3.1
36.0003333,-117.325,2.62
38.1708,-117.8881,3.5
32.7996667,-115.45,2.81
31.67343347,-104.3892399,3.8
31.65468979,-104.4092562,3.0
36.812,-121.542,2.82
36.8083333,-121.5396667,2.65
36.8105,-121.5395,3.33
31.64074445,-104.2842823,2.5
36.3781,-103.183,3.4
37.4108333,-118.601,3.29
38.2042,-117.8746,2.6
35.40516667,-97.88016667,2.65
37.4093333,-118.6031667,3.93
31.67136023,-104.3900289,2.6
39.9787,-119.5704,2.6
43.6845,-105.3094,3.2
31.75611336,-104.6160063,2.6
31.65092846,-104.3868869,2.7
31.66217579,-104.3888706,3.1
31.59106911,-104.5646546,2.6
31.67505059,-104.3879085,3.1
31.6689,-104.3944,2.7
31.67120433,-104.3784539,3.5
31.67782867,-104.3847031,2.5
38.1508,-117.9822,2.9
31.62904043,-104.5273982,2.6
37.1353,-116.2227,2.9
41.4014,-106.5744,3.3
43.7227,-105.2768,2.9
38.7995,-122.7728333,2.75
33.1913333,-116.0031667,2.71
31.68059925,-104.5160892,2.6
31.61987221,-104.2346234,2.7
31.64293439,-104.2186459,2.6
44.7578333,-110.922,2.59
31.15035212,-103.2267325,2.7
42.6104,-111.4536,2.6
31.61525203,-103.9658695,2.7
31.15696274,-103.2066333,2.7
31.66587303,-104.3856738,2.5
31.58999786,-104.5840057,2.7
31.63946138,-104.2237336,3.4
31.657872,-104.2184823,2.9
45.1341,-106.9205,3.3
31.64751915,-104.220831,2.8
31.64915374,-104.2157299,3.2
33.1831667,-115.6095,3.04
43.8233,-105.4642,2.9
39.3458333,-122.8886667,2.57
31.58043629,-104.5726072,2.9
31.07272341,-103.2435868,2.9
43.7582,-105.2679,3.1
31.64927944,-104.2359125,2.5
43.5531,-105.244,2.6
35.674,-97.42216667,3.29
31.61012241,-104.1100172,2.7
31.58266203,-104.5817741,2.6
31.72639096,-104.5076721,2.9
31.60344613,-103.9924446,2.7
31.61268742,-103.9774245,3.7
31.67770342,-104.4040825,2.5
31.67856595,-104.412704,2.6
38.5136667,-119.5428333,3.29
31.59278925,-104.5797334,2.7
38.5153333,-119.5418333,2.59
37.3046,-114.9832,2.7
35.9705,-120.2005,2.61
37.0676667,-117.9348333,2.81
36.8428,-104.814,2.7
31.6398,-104.4079,2.7
39.1266667,-122.2585,3.67
38.5188333,-119.5386667,2.65
31.59325903,-104.5184216,2.5
31.6789633,-104.3502584,2.5
31.5929574,-104.5582206,2.6
32.5482,-104.4263,2.6
31.68068532,-104.4049171,3.3
31.6749741,-104.3997511,2.6
31.66909306,-104.4204226,4.6
40.6671,-109.4886,3.1
31.62078448,-104.5251605,2.6
45.9621,-106.49,3.2
41.9645,-119.5887,2.7
31.66286896,-104.3132511,2.8
31.58645679,-104.5667564,4.0
41.9659,-119.5731,2.8
31.97479248,-102.3507765,2.9
31.75968336,-104.6289788,2.9
31.60933161,-104.5202005,3.1
43.8039,-105.3173,3.1
28.87115479,-98.01045496,2.5
40.1353333,-123.8245,2.79
34.291,-118.4318333,2.61
31.60140388,-103.9846357,2.5
38.8035,-122.7916667,2.68
31.5866649,-104.2126019,2.6
35.8121667,-121.5141667,2.97
33.4715,-116.5325,3.03
34.0498333,-117.5645,3.28
37.5301,-97.7643,2.8
31.61338461,-103.9750068,2.8
33.8888333,-118.755,2.88
40.7213333,-124.0215,2.63
32.38494873,-101.6133527,2.6
33.1128333,-115.5998333,2.94
38.1912,-117.7583,2.8
43.7251,-105.1729,3.3
43.7416,-105.317,2.9
37.5136,-97.7377,2.6
37.5186,-97.7425,3.5
44.4455,-105.5913,2.5
37.0021667,-121.7615,3.58
38.5208333,-119.532,2.53
31.97296143,-102.3422018,2.8
37.522,-97.744,2.6
38.5206667,-119.5305,2.71
41.3522,-106.5638,3.8
36.9731667,-121.627,2.61
37.5224,-97.7449,3.0
32.38586426,-101.638005,3.2
32.37762451,-101.6390768,3.5
38.5181667,-119.5446667,2.6
31.60261762,-103.9644698,2.5
31.61090693,-103.9591262,3.1
36.4891667,-117.929,2.86
33.1933333,-116.003,2.83
44.54266666666667,-122.547,2.61
36.483,-120.9055,3.28
31.68003984,-104.3981817,3.0
38.5238333,-119.5348333,2.96
38.5215,-119.5306667,2.62
38.5243333,-119.5358333,2.72
38.521,-119.5405,3.99
33.3233333,-119.1171667,2.79
36.3449,-103.2532,3.8
44.3019,-114.9398,3.1
44.3146,-114.958,3.1
36.0641667,-83.6346667,2.5
34.0955,-116.7736667,2.53
32.16,-115.1471667,2.76
28.7008667,-98.96794577,2.5
38.9283,-118.7644,2.6
25.3946,-100.1989,3.4
43.8113,-105.3053,3.0
45.1082,-106.843,3.3
44.1242,-105.3248,3.0
36.278,-97.50216667,2.79
33.9906667,-117.1686667,2.76
32.6946667,-115.5321667,2.68
44.6078333,-110.3163333,2.85
35.8251667,-117.6508333,3.09
32.89581299,-100.8909346,2.6
31.64233814,-104.4683398,2.8
28.70269775,-98.96587776,2.9
42.6923,-78.1505,2.6
37.1209,-115.3165,3.4
27.7416,-111.7258,4.2
34.4368333,-119.2963333,2.5
40.4145,-124.2883333,2.52
38.7835,-122.7523333,2.89
33.9348333,-116.6406667,2.94
31.61168865,-104.2173495,3.0
35.106,-95.53583333,3.12
28.65325928,-99.00103401,2.6
36.5751667,-121.1868333,2.6
36.586,-121.1828333,3.07
28.70269775,-99.08168658,2.6
28.96453857,-97.51826746,2.6
36.5846667,-121.1883333,4.12
36.5893333,-121.1863333,3.23
32.1903333,-115.1636667,2.89
43.6221,-105.3596,3.1
46.8883,-112.6536,2.8
31.53533936,-104.0721465,2.6
31.52936933,-104.0772932,3.4
28.72467041,-99.01757813,2.6
28.36120605,-98.20381434,2.5
31.69290771,-104.3982975,2.6
31.68414439,-104.4030641,3.2
31.69078521,-104.4066239,2.6
36.4666667,-121.0545,2.58
44.2939,-114.9386,2.6
44.312,-114.9584,3.3
37.919,-122.2991667,2.8
45.8375,-106.7722,3.2
46.8979,-112.6508,3.3
46.889,-112.6486,2.8
46.8978,-112.66,3.2
40.902,-113.2956667,2.5
41.5044,-118.8022,2.8
31.60205647,-104.570152,2.9
43.7171,-105.3652,3.2
38.1199,-118.113,2.5
47.6523,-92.4811,2.9
40.3945,-124.2781667,2.73
44.3894,-115.2604,2.6
28.6807251,-99.4497932,2.5
44.2653,-115.0936,2.5
31.64882085,-104.5846513,2.5
39.6953,-98.2899,2.5
38.6532,-97.4806,3.0
36.2478333,-120.8196667,2.84
38.2285,-119.0768333,2.82
38.2331667,-119.074,2.81
32.42706299,-102.0785299,2.6
38.2258333,-119.08,3.54
31.94641113,-102.3368426,2.9
31.67535254,-104.4121362,3.1
31.64698064,-104.3187735,2.7
43.7329,-105.4044,2.9
43.7201,-105.3322,3.1
38.7798333,-122.745,2.69
31.68038997,-104.4148741,2.9
44.0038,-105.2695,2.8
43.7243,-105.3542,3.4
44.217,-115.0877,2.9
44.2242,-115.0868,2.6
36.5286667,-121.1181667,3.22
35.5136667,-118.384,3.27
36.527,-120.6948333,2.53
31.6625934,-104.3210536,3.3
31.66011153,-104.3132288,4.3
43.7279,-105.156,3.1
43.8367,-105.2357,3.1
38.0585,-115.2581,3.5
31.59719319,-104.0066693,3.1
38.0896,-115.2854,3.1
32.0253333,-114.9261667,2.82
45.0782,-106.8741,3.4
47.5794,-92.7274,3.0
44.3533,-115.1754,2.6
38.7805,-122.7581667,3.78
31.99610752,-103.8497775,2.8
33.8533333,-115.5431667,2.73
38.5778333,-119.4486667,2.83
38.5848333,-112.2125,3.44
31.3552,-115.4005,3.1
47.6621,-92.4872,2.9
38.141,-118.0206,3.5
37.1243333,-121.9951667,2.68
40.2943333,-124.3678333,2.54
31.67128354,-104.4018711,2.7
34.4333333,-119.2936667,2.61
37.0276,-104.9291,3.0
34.441,-119.2975,2.83
34.439,-119.2935,2.84
44.4057,-115.2039,2.5
38.5821667,-112.2096667,2.7
40.3873333,-124.9603333,2.67
32.3331667,-115.3583333,3.26
31.6062943,-104.3208634,2.6
31.76048572,-104.6429978,3.0
43.9027,-105.3439,3.1
31.2145,-115.8701667,2.72
35.544,-96.7475,2.64
31.66013658,-104.3089231,2.9
31.67488942,-104.4126703,3.1
34.4221667,-119.136,3.05
34.4211667,-119.132,3.98
38.1861,-117.7771,3.5
38.1722,-117.8531,2.6
34.5776,-106.8398,2.9
43.864,-105.2908,3.1
44.3032,-105.4576,2.7
38.1712,-117.8852,2.8
30.1675,-113.6942,4.4
32.7053333,-115.8163333,2.54
33.6523,-111.1311,2.6
43.6187,-105.3102,3.0
44.1084,-105.4343,2.8
38.8235,-122.7965,2.61
44.4418,-115.2088,2.5
31.70796236,-104.5443737,2.6
39.7018,-98.2974,2.8
43.5066,-110.7286,2.7
43.795,-105.3284,2.9
40.7488333,-124.4396667,2.64
32.8198,-100.6843,2.6
31.6485,-104.4093,2.6
35.9585,-117.9803333,2.82
31.59793884,-104.3721635,2.5
31.65894844,-104.3156415,2.5
31.66328751,-104.3202519,3.0
31.68902986,-104.3193851,2.9
40.1717,-119.6443,3.0
36.85366667,-97.78666667,2.93
36.85616667,-97.7895,3.24
39.6179,-116.8827,2.5
43.7889,-105.332,3.1
47.6039,-92.5692,2.5
32.7904,-100.643,2.6
36.7206667,-121.3711667,3.4
38.2511,-118.3624,3.5
32.2935,-115.3176667,2.56
34.0348333,-117.1866667,2.65
28.45367432,-100.3224954,3.5
31.66585924,-104.3878268,2.9
38.1543,-117.9365,3.4
36.9223333,-121.5218333,2.82
47.5045,-70.0662,2.9
38.5735,-112.2238333,3.53
40.292,-124.4191667,3.14
31.66877305,-104.3630911,2.5
38.0868333,-118.7413333,2.66
37.4691667,-118.811,2.89
36.7936667,-121.516,2.76
31.6577834,-104.3565376,2.6
31.66410315,-104.3748927,3.5
32.0906667,-115.068,2.73
43.7605,-105.2489,3.1
47.605,-92.5604,3.2
38.1638,-117.9147,2.7
32.76580811,-100.6444122,2.8
32.4325,-115.2726667,2.98
31.91619873,-102.0206507,2.6
36.85383333,-97.784,2.55
36.854,-97.78216667,2.52
32.9991667,-116.3321667,2.93
44.3749,-115.2306,2.9
44.5132,-115.2192,2.5
35.6986667,-121.1255,3.3
34.4116667,-119.1371667,2.74
37.7313333,-122.1248333,2.91
35.7026667,-121.1485,2.94
36.8451667,-121.5535,3.09
40.3516667,-124.3243333,2.53
31.08599019,-103.2194694,2.5
40.6161667,-122.4296667,2.71
36.9151667,-121.6668333,2.54
38.1841,-117.7763,2.6
38.1814,-117.7833,4.7
31.87683105,-101.7366139,2.9
29.04327393,-97.54515165,2.5
45.8832,-73.58,2.7
38.1622,-117.8893,3.4
33.6092,-111.1315,2.5
32.06268311,-102.2371618,3.2
31.67257379,-104.4153407,2.8
45.8362,-106.693,3.2
43.7494,-105.4143,3.4
31.6179215,-104.1132912,2.8
34.3891667,-118.6415,3.17
35.6595,-117.5335,2.63
31.8636667,-116.1843333,3.36
31.8561667,-116.1773333,3.03
31.8526667,-116.177,2.93
31.8545,-116.1685,2.73
31.70722294,-104.6369925,2.9
31.66857506,-104.3943105,2.8
43.5188,-105.4171,2.9
43.7876,-105.3445,3.2
31.6695081,-104.3921656,3.5
31.67114254,-104.3881429,2.5
31.66401406,-104.388887,2.7
31.67184397,-104.386265,2.6
31.67790378,-104.37286,2.8
31.67236859,-104.3760417,3.0
31.67881614,-104.3739447,3.0
31.67437675,-104.38548,4.2
31.66774561,-104.3803075,3.5
31.67164338,-104.3816876,3.7
31.67209952,-104.3822299,2.9
43.5879,-105.2528,3.2
39.4843,-119.1359,2.5
43.7454,-105.3743,3.0
33.6562,-111.1124,2.5
31.67227936,-104.3900371,2.8
37.7395,-122.1478333,3.24
45.1289,-106.8126,2.9
31.67579431,-104.4148319,3.2
35.9163333,-117.6876667,2.93
31.6685959,-104.3910809,3.0
40.5145,-115.2667,3.1
36.85333333,-97.78716667,2.61
34.4205,-119.1346667,2.64
34.4171667,-119.1323333,3.86
31.66640728,-104.4438132,2.5
44.3529,-105.4632,3.2
31.87774658,-101.7419731,3.3
30.95533634,-103.3844774,2.9
36.85416667,-97.78616667,2.79
36.85266667,-97.78733333,2.6
44.3143,-115.2209,2.5
36.1376667,-118.4408333,2.73
39.7513333,-124.6313333,2.55
41.345,-123.5148333,2.63
35.9861667,-117.675,2.64
38.8081667,-122.8013333,3.27
31.11109842,-103.2431911,2.8
34.0871667,-118.2895,2.59
36.8373333,-121.5826667,2.85
44.5821667,-110.3726667,2.8
37.3256667,-117.9148333,2.85
44.216,-115.0053,2.5
45.112,-106.7944,2.7
36.10316667,-97.834,2.54
37.2921667,-121.6636667,2.73
40.2876667,-124.5006667,2.6
31.929,-102.3047,2.7
40.2898333,-124.5016667,2.87
37.2266,-115.9402,2.9
49.5216,-121.7796,2.5
37.7281667,-122.1356667,3.09
33.7323333,-117.4786667,3.62
38.0151667,-112.5143333,2.59
38.017,-112.5165,2.96
38.7856667,-122.7453333,3.36
46.2445,-122.63766666666666,2.81
32.8841667,-117.5008333,2.55
38.8461667,-122.8191667,3.14
31.925354,-102.314334,3.0
44.3858,-71.175,2.9
31.02901617,-103.1461613,3.3
31.64738647,-104.5916319,2.5
44.3834,-105.396,2.8
34.1328333,-117.4813333,2.61
31.8746667,-117.1153333,2.58
38.7186,-97.0119,2.5
35.7717,-113.3118,2.5
47.5904,-92.5809,2.7
35.28,-119.3995,2.51
33.0298333,-115.615,2.54
37.5176667,-118.7743333,2.65
37.5181667,-118.7748333,2.8
33.033,-115.6146667,2.72
36.8676667,-121.6093333,2.76
31.94915771,-102.3207651,2.5
38.6553333,-119.7725,3.47
31.9091667,-116.052,2.57
38.6837,-97.4827,2.5
36.4708333,-121.0445,2.5
33.949,-118.2048333,3.26
40.3695,-124.2936667,2.59
40.5941667,-124.8785,2.57
44.3114,-115.1599,3.3
40.6073333,-109.4736667,3.17
36.851,-97.7935,4.5
38.1647,-117.8883,2.9
31.97845459,-102.3357708,2.7
35.7831667,-120.3315,2.75
35.781,-120.331,2.96
33.3355,-116.9146667,4.0
44.409,-115.1634,3.0
31.66599622,-104.501944,2.6
38.142,-118.0052,3.9
31.93725586,-102.3346989,2.5
34.847,-97.82116667,2.69
40.5511667,-123.8431667,2.63
43.8276,-105.2887,3.1
40.2843333,-124.3391667,2.77
39.801,-123.184,2.91
40.3178333,-124.6508333,2.7
40.2843,-117.756,3.3
36.0826667,-120.0695,2.64
31.94366455,-102.3314834,3.1
45.1351,-106.8513,3.1
47.5855,-92.6112,2.9
31.6167162,-104.3456961,2.6
35.1025,-97.58816667,2.62
31.72378947,-104.3476766,2.9
38.457,-119.4778333,2.82
31.59538051,-104.21589,2.9
33.8395,-117.0401667,2.5
39.7941667,-123.1843333,2.59
31.70753413,-103.995351,2.5
32.4788333,-116.9325,2.59
39.7995,-123.1841667,2.51
44.3233,-115.1711,2.5
40.477,-124.3208333,2.68
43.8052,-105.36,3.1
41.6779,-81.4717,2.5
47.555,-92.6323,3.0
32.40325928,-101.6262147,3.0
35.0418333,-118.993,2.58
35.0398333,-118.9931667,2.84
35.0445,-118.9958333,3.51
36.0235,-117.7755,3.12
36.023,-117.7763333,3.02
36.0256667,-117.7791667,3.03
32.9071667,-118.6475,2.67
36.0263333,-117.781,2.57
36.0251667,-117.7811667,2.85
40.5071,-119.1791,3.2
40.3488333,-124.7638333,2.59
31.9418335,-102.3336271,2.6
34.1019,-106.9819,2.6
43.624,-105.2767,3.2
38.1816,-117.8079,2.8
31.93084717,-102.3336271,2.7
40.3263333,-124.6531667,2.66
31.68008664,-104.4259078,3.0
31.6119509,-104.3357036,2.5
35.835,-98.088,2.64
31.65271041,-104.4638661,3.5
33.4338333,-116.3975,3.21
31.68110245,-104.4113813,3.2
36.6675,-121.2675,2.69
36.6666667,-121.2703333,3.07
43.7701,-105.3401,3.0
31.68373034,-104.3960613,2.8
40.299,-124.5516667,2.68
40.3091667,-124.5921667,2.64
38.545,-119.538,2.58
38.2505,-118.3583,2.9
38.2571,-118.3528,4.3
32.8625,-116.0805,3.01
26.6934,-110.9803,4.4
26.7675,-110.8671,5.3
38.7623333,-122.7396667,2.59
43.718,-105.3029,3.1
36.70066667,-97.67733333,2.67
31.67671232,-104.3795789,3.3
40.786,-116.212,3.3
40.2981667,-124.5875,2.64
34.9676667,-84.7133333,2.94
38.5373333,-119.5316667,2.51
44.4485,-115.2107,2.8
31.61722787,-104.3370925,2.5
37.3301667,-118.147,2.59
31.71731302,-104.2759914,2.6
38.1849,-117.7638,2.5
38.1827,-117.7655,3.4
38.6812,-97.4852,2.5
44.3507,-115.217,2.5
35.5243333,-117.4053333,2.53
31.19653858,-103.3310081,2.7
33.7298333,-116.8985,2.97
31.18278101,-103.348713,3.1
48.3232,-71.7036,2.5
45.0678,-111.8453,2.7
43.8374,-105.2433,3.1
41.4289,-106.7141,3.3
31.67129565,-104.3639203,2.9
40.3806667,-124.769,2.71
45.681,-106.5756,3.2
31.64010963,-104.3897507,2.7
31.59490639,-104.0034312,2.8
32.44445801,-102.0796018,3.0
33.8255,-116.7506667,3.45
34.5106667,-120.6706667,2.65
40.3046667,-124.6483333,2.77
40.2868333,-124.379,2.88
34.4386667,-119.2985,3.19
40.434,-124.7273333,2.72
43.7662,-98.3972,2.5
43.6413,-105.2956,3.2
32.4055,-115.1826667,2.75
31.6063971,-104.3421127,2.7
41.1641,-107.237,2.9
31.6137437,-104.3432502,3.0
31.66963155,-104.3727879,3.0
35.50323486,-100.329402,2.5
31.61743981,-104.3400532,2.6
34.9595,-118.7328333,2.54
40.38,-124.293,2.69
38.6657,-97.4701,3.1
31.2196667,-115.6476667,3.03
31.5731667,-115.9938333,3.22
31.66194896,-104.5514232,2.6
38.6406,-97.5026,2.7
31.7205455,-104.5811318,2.8
47.5704,-92.5061,3.0
44.3362,-115.1819,2.6
32.7728333,-115.4401667,2.85
38.8395,-122.8366667,2.59
43.8879,-105.327,3.2
40.0278333,-123.7545,2.75
33.3718333,-116.3925,2.75
48.9851,-68.0734,3.0
33.4738333,-116.4405,2.86
33.4688333,-116.443,3.86
40.4398333,-124.2275,2.61
43.8245,-105.2741,3.0
32.9341667,-115.535,2.54
31.4848,-115.6533,3.0
33.3611667,-116.3635,2.65
40.3076667,-124.6053333,2.58
24.8507,-109.1013,4.3
31.8653333,-115.7423333,2.58
43.5784,-105.2606,3.4
45.0191,-66.973,2.6
40.3055,-124.3686667,2.59
33.8123333,-118.2528333,2.52
24.7597,-109.3479,4.5
31.69028671,-104.30082,2.5
39.6356667,-110.9788333,2.66
33.8083333,-118.2685,2.83
31.72078072,-104.5205414,2.7
31.72165965,-104.5259366,3.9
31.67746835,-104.4048879,2.6
31.67861551,-104.4051675,2.5
31.67696635,-104.4113435,3.7
45.07,-106.897,2.8
35.6485,-115.9283333,2.61
40.3688333,-124.7571667,2.71
38.6563,-97.5561,3.1
40.9622,-114.9424,3.7
42.6236,-108.3283,2.7
31.66672286,-104.396447,2.6
38.1757,-117.8179,3.0
47.652,-69.823,3.2
38.1763,-117.8876,3.2
41.1895,-123.7946667,2.76
44.2756,-115.2481,2.6
31.67119017,-104.4500492,2.7
38.1755,-117.8184,2.5
36.2871667,-120.3461667,2.52
24.7518,-109.1019,4.7
33.373,-116.8868333,3.21
39.69,-122.8685,2.86
38.8345,-122.8058333,2.59
34.4365,-118.9911667,3.56
31.65515556,-104.2959659,2.5
44.2514,-114.7676,2.6
39.6896667,-122.8743333,2.83
38.1649,-117.8253,2.9
44.4488,-115.1902,2.8
47.5786,-92.5798,2.9
32.9236667,-115.533,2.63
44.3121,-115.1383,2.5
38.6447,-97.4895,2.5
37.3363333,-117.9028333,3.01
40.478,-124.3218333,3.03
44.9889,-113.0684,2.6
40.3688333,-124.7486667,2.66
37.3018,-97.7261,2.5
31.67467916,-104.4097076,2.8
31.6431667,-116.008,2.74
40.3765,-124.7731667,2.79
31.67129757,-104.399718,2.8
38.17,-117.8851,3.4
40.3756667,-124.7528333,2.75
40.3846667,-124.8643333,4.58
44.7893333,-110.8123333,2.52
40.4511667,-124.3326667,2.82
31.60185969,-104.3323923,2.6
37.3338333,-117.9023333,4.75
44.3184,-115.2044,2.6
31.67606494,-104.4086435,2.9
37.3211,-97.7281,2.5
45.8121,-106.7243,3.2
31.65286383,-104.2948714,2.8
40.4543333,-124.274,2.57
40.2875,-124.5148333,2.79
38.1688,-117.8245,2.8
38.1677,-117.8238,4.2
38.1764,-117.8141,2.6
43.1999,-110.5263,2.6
34.185,-80.7263333,2.57
31.6623652,-104.3207826,3.3
41.094,-115.35,3.6
37.4366667,-118.4995,2.61
41.6863,-81.469,2.8
37.6643333,-122.4705,2.6
28.49212646,-100.2894072,2.6
31.68726376,-104.4518179,3.6
40.2761667,-124.493,2.84
43.9499,-105.2868,3.3
31.6634493,-104.2922635,2.5
31.65194162,-104.2954023,3.0
37.4413333,-112.995,2.62
31.65840315,-104.2906092,2.8
31.65512786,-104.3008096,3.5
37.3287,-97.7059,2.7
31.62060196,-104.0153894,3.2
34.177,-80.701,2.53
40.2893333,-124.4545,2.65
31.66108063,-104.3046246,3.1
31.65191394,-104.3002459,3.5
31.65466829,-104.3008059,3.6
44.9806,-113.0674,2.6
44.9861,-113.0882,2.5
31.62382095,-104.0148671,2.6
35.2811667,-119.3926667,2.95
35.284,-119.3906667,3.92
31.65650967,-104.3002824,3.2
36.8198333,-112.9991667,2.63
31.61739432,-104.0126838,2.7
32.2869873,-101.7752001,3.2
31.7507299,-104.5997817,2.6
38.162,-117.8369,3.0
31.75364197,-104.5804176,2.6
43.6819,-105.3755,3.2
38.1694,-117.8237,2.5
40.2916667,-124.5601667,2.51
31.3965,-115.3674,3.1
38.1096667,-118.9556667,2.68
38.7745,-122.728,2.67
35.8995,-120.441,3.29
40.4771667,-124.3223333,2.88
