"","V1","V2","V3","V4","V5","V6","V7","V8","V9","V10","V11","V12","V13","V14","V15","V16","V17","V18","V19","V20","V21","V22","V23","V24","V25","V26","V27","V28","V29","V30","V31","V32","V33","V34","V35","V36","V37","V38","V39","V40","V41","V42","V43","V44","V45","V46","V47","V48","V49","V50"
"1",0.533412630650583,1.54710682533728,0.551703339236899,0.22306678198359,0.453604153397133,0.52121650850571,0.623617279985773,1.90448370384265,0.75025073637029,1.66050599363539,2.35013200921561,1.74619628394667,0.885525015998262,0.403436695424354,1.85169650236903,1.54663533401387,2.48126145813149,3.70737552405702,4.20190451315713,1.76099813382247,4.01748363428709,1.9879205169671,1.89058391536846,1.6581999739487,0.442034960218377,0.964550231725709,4.60494158008286,0.955590302294051,0.397819072043183,0.691815084173038,0.701216621941364,2.68565722665265,1.72187704308027,1.07721237042309,0.790749784824271,1.08771337828405,0.238912956149884,0.312014958663165,2.07903209308346,1.41216815721513,6.75206486271773,5.62489751936939,1.48689504540022,1.53716537909941,3.45103751341157,1.00225356698291,0.69192908052148,0.101038340318969,0.474536797145975,0.935383212532622
"2",0.98573956296717,0.50772870640515,1.30868955344025,0.266187829297423,0.468857591361734,0.656849548364792,0.430168947333797,0.931155425442242,1.66529146002619,0.655975811057951,1.85813654743347,1.95270576732087,1.01953710767081,0.488983123078029,0.705451389534746,2.20082167698929,1.33647729906151,1.66544085712649,2.10325827627682,1.62911519338903,2.94151195532212,6.44146423334626,3.11885569525711,1.14387198325205,1.21807836709583,0.239115841166184,1.54802687654147,2.86226854539168,0.655199018855682,0.550634445467275,0.403584154116811,1.54924788664411,2.66971342751602,1.33024726155391,1.2245981108193,0.994590783550937,0.44404105275995,0.19480065799974,0.468755084512809,0.96773877104243,0.666637312975709,6.95680653299832,2.38243897485943,0.898537633395847,2.66069688839467,1.67905188358657,0.968576464430286,0.210721430715358,0.118659963531367,0.509519392915712
"3",3.14587911564368,0.480433707835197,0.9623508437419,0.677363683589978,0.410732608903042,1.0278271931632,0.864823129732129,0.427148503152403,1.26276384830318,1.50500696899825,0.688344251954916,2.18269849903165,1.97454598427479,0.607091591801541,0.429921201387552,1.67566716492506,1.56093610897664,1.1673060798218,0.897486650328274,1.06004741687419,0.903633910323716,6.18260126935591,7.63589200499727,2.05030512839402,1.11001287254828,0.542381033292138,0.205989976679502,1.41508814001558,1.85777393545168,0.619017662478488,0.513242930027499,0.596826286827773,2.37082542202045,1.73494053752282,1.66013649252851,1.34717653223165,0.706577873878645,0.239806979207383,0.23619251942836,0.577721916069134,0.222377691619552,0.626740332727034,5.29920205137071,1.59017350652874,1.02422998911434,3.28793132716853,0.724922013874227,0.684404925943891,0.132852722878706,0.195361412863641
"4",2.5090079337514,1.46678862784894,0.501566972019498,1.42247666878836,0.443970359283941,1.11039729724461,2.07546962325436,0.849878417607911,0.424925438674955,1.97968553139895,1.68156745928453,1.11607460936864,3.19956175825096,1.87048312116817,0.382997933608744,0.671378239446011,2.13586111545478,1.08759287758397,0.659822436747823,0.755613877256768,0.502917568820171,1.26121819697633,6.4583005084544,6.11798551561815,1.26230861584104,1.12426357751457,0.223283583588416,0.268238681576742,0.978493427297795,1.21599894898188,0.774424460836222,0.374029224755054,1.31618097664259,1.85234861135621,1.40326979638768,1.94555481657152,0.993732965673159,0.357932433588885,0.272412834825343,0.309387300636267,0.385342630607832,0.0949547907247576,0.91343321627051,4.07579278023449,2.08628914598605,1.71953081012163,1.83813854252809,0.52210543751191,0.363079894809351,0.209110954915006
"5",0.780939018149634,1.84959128779459,0.875649990808335,0.919404198832897,0.989714809189259,0.628212618050654,2.67061141573745,3.96538791274152,0.537181687608248,0.644259033534758,4.02202815003559,1.85255627899718,2.98893519021699,4.52449058978784,1.24344859818088,0.271283292617147,1.33534027338866,1.59687449057025,0.598880794267131,0.395192757270387,0.883131275711182,0.341235432594887,2.24284025715749,3.63170498405141,3.29034838136144,1.53082588288617,0.707387275485468,0.178434740311778,0.337625756250954,0.69866459973754,1.0568420835796,0.599783725210123,0.503520458217273,1.58770538648753,1.07805454842393,1.43254394278812,1.22475820237531,0.531880626356713,0.326455687028885,0.416943850446901,0.400354472011777,0.214957388533212,0.117900444493227,1.45792125165783,5.43740980172775,2.80101973064628,2.21954503619375,0.948502477734378,0.431704831442389,0.278976219894294
"6",0.86424830767239,0.592058618342121,1.16641472514435,0.867865817371458,1.26370757807934,0.579849198972574,1.43637693188186,6.76395082789319,3.51197248685687,0.380005191651079,1.81500525612004,5.9362823843054,2.6350912824902,6.74686224485247,4.92443287182473,0.463092831659603,0.320686783186328,1.82086347717217,1.18414458345982,0.219106457212381,0.615493146634381,0.679294452322996,0.461861218138881,2.19078914134631,1.80895753321119,2.44635444769924,1.93113385373119,0.500273514155767,0.244489397326422,0.415875570692322,0.669202400254815,1.00981095669746,0.308405851924912,1.10779329158522,0.977744068214242,0.815268533019184,0.951967021060146,0.487762083906175,0.371565953110794,0.628591846945022,0.57248324439576,0.551372915832502,0.219382323745859,0.208469427223423,2.92372503563213,7.45901367878822,2.44143745376599,1.81529069469957,0.765729900208061,0.305490036125127
"7",0.960545633137355,0.424311875267071,0.561311301448119,0.936500968973229,0.906576789078919,1.05316050780406,0.61220653830382,3.41804628787569,13.3121136179837,1.20945107222303,0.629776376455249,5.29149361897998,4.55757284127361,4.47018767482829,9.72702139993085,2.86194226180616,0.173460046516381,0.702589260757315,1.50317461398194,0.741023834970369,0.139088760836883,1.17373080218012,0.42502248614169,0.863070237363738,1.08970155817735,1.40849982443521,2.81101033539073,2.00860101326372,0.597253806001797,0.366685349732184,0.651183899965472,0.856756096843684,0.567186648210002,0.307482707274848,1.59489820820441,0.575068838245247,0.652842016758709,0.396671221526458,0.225989310497986,0.593180182384536,1.16258148569052,0.806643246068791,0.802651965969317,0.354859424969893,0.351921453578599,5.95892940998997,4.64746450295184,1.81619508736112,1.34546035840065,0.621543722177945
"8",2.2950400963354,0.783794633796203,0.365936715588124,0.561527269154099,0.878628171895686,0.853982596040174,0.717125138149101,1.21375990073923,7.07629284418894,7.67106467718264,0.541665609120786,1.8175018053216,6.78332635300672,3.10656271856004,6.28030019419097,9.28103486771353,0.791347515008099,0.165211290175869,1.32612331182411,1.2717916719585,0.336954523302571,0.276434940798245,0.968381026255424,0.467052081164042,0.977569939302609,0.57553482850804,2.11882810229105,3.72147418331507,2.41809592174423,0.808842289651081,0.620653505179543,1.15534915716709,0.919190088165719,0.246696743298522,0.675081696055694,1.22313531816031,0.501930385159584,0.352814076458763,0.184012634184712,0.225570145955922,1.35739543331066,1.42248128551904,1.30615838830636,1.01614612310456,0.428892570431682,0.689573784751045,5.84138381882582,1.83564803129341,1.49695874221861,1.08126487188135
"9",8.14341640902683,1.39780388188531,0.85472679923186,0.489822757195561,0.560719841653117,0.775271737792857,0.818863532456044,0.532331220383139,2.8884484771007,7.76824567900665,1.5561059231701,0.774471537507089,4.22417421708601,3.63451898327777,2.36120107660746,8.26883531055663,4.77393043270401,0.244376508792772,0.380297670180408,1.2592982912168,1.23438860119705,0.258280299891133,0.566205661168472,0.631794158882226,0.695002173708341,0.5797702873493,0.700588301900074,3.78720188553986,6.47475970314713,2.65809133594767,1.05333493379051,1.20115710964464,1.44558647565528,0.601508627500722,0.202973624964588,1.21035910609399,0.922969451650994,0.509137390400727,0.172749773578788,0.174744871216113,0.43967118504612,1.68258068296396,1.49090025347107,1.6287681099427,0.998055964220351,0.349167996538003,1.31415086135608,2.51859616634459,1.1877475467413,1.42107639858967
"10",4.36169523745468,4.07816620398417,1.61797966789864,0.992687662971964,0.706555032395961,0.510112536724781,0.714497503466137,0.599073721385889,0.646451324506719,4.61889409546516,3.01169844229228,0.60474039402004,1.63251618289651,5.08991443605002,1.70560205095264,2.14952014857445,8.13538817507212,1.71048908757447,0.192107343140947,0.806818932348049,0.987362414855798,1.11621795758508,0.435761965874981,0.634357065054519,0.632089399557549,0.570875710908299,0.403272296311405,1.87540307837205,7.29969422296909,9.12720858293992,2.36434106897097,1.39991985183651,1.85452902670431,1.14365991884649,0.305874673534877,0.314346263103141,1.36865484904148,1.09942247780738,0.419929237837603,0.135728935860529,0.354888030969373,0.726734532844405,1.08948948577565,1.42602994869364,1.24923513296768,0.805545440421428,0.359483331979609,1.49454843105154,1.19350635134219,1.55425875026564
"11",1.79341199596096,4.28809467314885,2.36523053095628,2.32925830843683,1.03126649824974,0.723456615910675,0.501220958544704,0.591068319105509,0.340424260095915,1.38038329496931,3.51067076660077,0.781474112136748,1.04264577690779,2.30602637594846,3.12525602610709,1.06085278234261,2.78683118687438,4.72080160917678,0.871934093994207,0.311712283542198,0.961140404820118,0.990511493561753,1.28569609210571,0.715841975704703,0.704435172990606,0.59042910196783,0.302111699178104,0.575158515461521,6.40075378091943,14.8562425103964,5.71372325840698,2.68250349785468,1.4260107193445,1.69665831525528,0.713877413499419,0.195393676776507,0.459366284589521,1.96054113047706,1.67739388817948,0.25360057236755,0.256649650580463,0.680638029641446,0.620401045608479,0.703236766700723,1.04921536356613,0.930007672309481,0.696530000976028,0.544305672776051,1.32964828783084,1.40357653626357
"12",3.02890913415633,1.22027074008314,2.54024068085066,2.27990016035242,1.90569733494505,1.13516445007489,0.520515377547114,0.507376282441075,0.3545203938945,0.295090219524844,2.53593089289175,1.46667588169502,0.552976321474546,2.18714136516221,2.56794020808048,1.48925712952806,0.986222160823241,2.99345458815847,2.87791793603792,0.75941120386539,0.529497031923137,0.819210824572089,1.12709054763774,1.90385516310544,1.01203358315576,0.916608948859208,0.35194111102918,0.247773863373007,1.76305336834831,17.3150016083334,15.3527780212103,2.84663034420991,3.13004776378931,1.14845886688692,1.04666666614643,0.393174086303937,0.184911053533888,0.650014763843173,4.81588858132943,1.72417485134106,0.152636653351039,0.772720435337714,0.844653591361075,0.42775946894539,0.518977354682392,0.734710535488586,1.04891664584003,0.837329227453756,0.909743603334747,1.92982033482776
"13",2.11967301516819,1.62458297564907,0.59650315418999,1.43709118976396,2.58210694163301,1.00240238634475,1.22510106000412,0.408598956239594,0.376074169296909,0.232384366541333,0.436325479423889,2.27553132776847,0.658310901114132,1.33343084484592,1.98309577583391,2.3813615652363,0.990364145354188,1.09176631924297,2.20936542994475,2.55240740901283,0.7649592236602,0.731017608718458,0.573167046103673,1.34255456870184,2.32779512037965,2.10724334221809,0.927947867382102,0.22418161386152,0.439056560326181,6.84780610601393,23.7527436945491,7.16471545691342,2.63391976285078,1.94606886727331,1.00209081583956,0.62490268588963,0.229494450114053,0.20644851090205,1.50436995010271,10.067100972307,0.811381960559602,0.200763680909705,1.46902637547333,1.00349819349862,0.387312814000225,0.428781579985667,0.671755946893513,1.79094923420026,1.14826978593089,1.93566855770317
"14",0.62018435357183,3.79435134029179,0.454641653946996,0.266471502762017,1.16035590231748,1.86936912760807,0.822199381364943,1.04859427662671,0.388529183503081,0.268076587712845,0.224203166288358,0.575286691774471,1.41732034561853,0.600199305358749,2.74758025225872,1.48973189411752,1.59510419420667,1.10037966436995,0.766344872240431,2.03342767263029,2.25891025832623,0.644122210883396,0.820846127412831,0.315060322071447,1.5972345518371,3.19725080551852,5.3439366347782,0.653549725977392,0.238438671465642,1.30492824637159,11.7003316414251,14.5378499998024,3.46939405625267,3.2882324360215,1.10725110070676,0.962022086574941,0.429747078318574,0.188160299284546,0.259546126147606,5.06392494561404,7.73030134092732,0.335040717491874,0.577466151038609,1.77479886848891,1.25586074698792,0.41803881889947,0.432876042547439,0.867953442703371,2.89503357647165,1.5880757940765
"15",0.954803616627952,1.81610582903142,2.18784971407047,0.117765034582976,0.18789819324106,1.07526636082598,0.922459557029754,1.33791695193395,0.77984332758147,0.443373887923196,0.305406822757252,0.210761209680199,0.600515457041305,1.0677599947954,1.02365104580525,2.23653282313341,1.46290925028078,1.28634661541361,0.997803807815817,0.490245410887402,1.9135556564829,1.54047521116215,0.571481692783496,0.601906041977173,0.164534753279784,1.95121812089489,7.75045275240603,7.87116169515502,0.409485476960863,0.387714742877122,2.55609339013304,6.71013568598537,7.12528094958993,2.80130343744296,2.85131526274745,1.25433879287623,1.13486137186921,0.313646364928624,0.202538233329647,0.499293535269865,9.32368264923705,2.67284261655272,0.35546266842181,1.38869510505778,2.17085798267155,1.37916080018336,0.488963076074906,0.421767336301677,1.58942587027114,2.53093094897688
"16",5.19875730479198,1.25880977816552,2.53116096863753,0.719791597453702,0.0725182995363845,0.193812805091574,0.783745580447519,0.711135119154448,2.1481266536612,0.741419441078221,0.697240175892567,0.439837264097067,0.171399272293909,0.832519669830491,0.964804335210169,1.86447172594101,1.42600182604941,1.19562151097223,1.81459039026477,0.400153753901376,0.527333869378514,1.30397735219551,0.81022918921896,0.698830091330301,0.237768968563791,0.132433959388435,3.31267009367251,19.7502895424602,4.8752420240276,0.312981340428388,0.646625978894782,1.5796508999971,2.7634500770745,4.71959272319655,2.83446544205984,2.20135529732103,2.18062920313695,1.5460147854607,0.257953686249353,0.25795977233187,1.20913030047789,5.50019909562912,1.23028658291209,0.783406308219547,1.70888704468179,2.73655421866056,1.40700316666084,0.452444658634081,0.422086918465985,2.51339073895374
"17",12.564037414812,2.83125130791984,1.66554827262062,1.8327130054421,0.393636212901859,0.103160655860477,0.195646105447592,0.52652467778824,1.28928094840406,1.98428692659165,1.33512226403944,1.15351502077003,0.411497400726619,0.231064667190533,1.42179716898023,0.959146002712656,2.48351300784835,0.989872361909039,1.05356664794254,1.92649892309173,0.153518582208773,0.541183462846986,0.850857414630476,0.454792199199149,0.785168026637963,0.0717286511694171,0.22140304433629,7.58741975308249,23.7502822245629,2.06981729394081,0.303310334468059,0.616944285435351,0.629762552421608,1.73350860709546,3.83068242411077,2.50743941530185,2.05032711451295,4.12666764210049,1.32667590840376,0.281422889290996,0.389193543048722,1.58877940616615,2.3857193685174,1.15068921329519,1.21283789742935,1.54073879392467,3.41575470205305,1.21923628767121,0.298543863860381,0.60116771878046
"18",4.99382948212884,11.4918361913167,1.35861166737755,1.90415342340307,1.28108938511557,0.53521994885073,0.145927640527725,0.212356356160973,0.603273179892838,2.56090387211499,1.53103653785155,3.16091115524783,1.26333257777719,0.29935182892738,0.627062597476224,1.54256814499055,1.27867954384819,1.95982257906111,0.703908110661331,1.86875776960274,0.695488336953188,0.129092172959636,0.427840898955542,0.522336680288525,0.39487707151945,0.440296641436906,0.0421241899985359,0.563310584779291,12.868615340877,14.0325844913425,0.93023902189916,0.299036194507354,0.338745688267252,0.411423886125228,2.08223496018572,2.62844490501319,1.70450240175459,2.18853882246545,5.42277164403916,0.724627896204437,0.366452789105489,0.549563266725005,0.970942215014254,1.79574695798705,1.15675793156646,0.91441525906965,1.61072243898348,3.67833758135122,0.578736202036156,0.261242458777491
"19",1.53275623046865,11.3664613819795,4.65463658419697,0.86896997422448,1.95725526492951,1.4898763328548,0.805857189606944,0.178324949600922,0.362188455709303,1.29482583062817,2.76144915276245,1.71581390153366,3.88555355321073,0.786367199047154,0.381290141130803,1.53307622988427,1.1380366451038,1.92445484836647,0.875217034767559,0.986638194943535,3.55768406965167,0.173139002757967,0.170407408146803,0.43941276560232,0.24588150482128,0.476116896470351,0.148763624037723,0.0725159480785611,1.35869281813995,11.843866735208,5.88308943565146,0.400301390211516,0.259766615523049,0.229673238693246,0.454373322041689,3.13405707802766,1.52130355120275,0.929914680996007,2.43916955203928,3.05962571135797,0.443133451961446,0.42619459990108,0.463657425418166,0.818569244640523,1.77781077580706,0.700767467830768,0.583874547514751,1.81372194175953,2.1775959807436,0.230556940496721
"20",0.87800549218019,2.87329214599181,14.6397940188116,1.45222149082465,0.727197985693335,2.12964181864035,2.07330481933125,0.737404559153898,0.321043495965729,0.940611107420355,2.72270652899977,1.88393732114716,2.5155613456778,2.06531237395583,0.471224141725646,0.787938248098194,1.70423184672154,1.15152795161774,1.85129442643452,0.555956050742902,3.42138598894489,2.25053397789837,0.0897336846083486,0.287558217051595,0.421437517441913,0.143451643809943,0.4331429783636,0.096123277600948,0.180174692487622,2.44403356510629,6.96295114068095,1.47822223309664,0.213302350808927,0.20827389167176,0.260963434112709,0.736866603542368,3.08663642238656,0.831492113792934,0.605904801723913,1.93701962365229,1.13745021424397,0.35495487490067,0.370552900671473,0.277680131579561,1.70644729931939,1.10546589399731,0.344802984420908,0.491583500344543,1.35162364225315,0.697814053396664
"21",1.2135309848219,1.03087426063853,4.39371732994551,9.87939084563422,0.68326947500628,0.748865313234351,2.31166681253019,2.0002492427055,0.663025088719529,0.941461109790001,2.08087562325466,3.67055485164503,1.15328356110342,2.78008641963059,0.941038330676012,0.520196681734355,1.20969202118045,1.29355783967821,1.53291204952747,1.10782282785362,1.29420991721062,8.2797683812301,0.559792005434236,0.120590519052524,0.602478323998568,0.232707668396813,0.179751752193637,0.237992950363465,0.185968832030485,0.367534833173817,2.72378743629246,2.60033855128793,0.297379278685156,0.1918458091048,0.184630550376416,0.337509089789764,1.55036912901576,2.09278657761272,0.449523480266359,0.535986492805858,1.25227032499518,0.538277878547426,0.288803872421387,0.228097494409571,0.34892377480267,3.11389434439174,0.415796514983384,0.307570775707062,0.406254863586262,0.631896490279675
"22",2.42021732572489,0.740391367708252,0.815033968527108,6.50475724265155,4.51787875076066,0.47358519425128,1.01854716280504,1.72162246138069,1.56996851756827,0.958059756522453,2.40450496826714,2.70730077705237,2.9876275293434,0.844558440944044,2.28492636605651,0.712552931972176,0.847787887383181,1.16658892754037,1.19050618167208,1.66705101924305,0.94868644182594,4.43634056007319,5.02513054410042,0.187309764767159,0.289474749599805,0.789171257603182,0.134612008852036,0.288538809306888,0.202990788826604,0.40479148034291,0.58050139711646,1.68369494677122,0.701406219296471,0.155886847193486,0.19282997629384,0.217597600336441,0.460053976335657,2.69014941228249,1.42175225093209,0.328406100463207,0.550048287312906,0.990156835239161,0.375969639634376,0.178764387437162,0.134985670739743,1.29267688680632,1.82127794557211,0.237352149689833,0.527224460616875,0.265263693779265
"23",1.16351783181359,1.42758125876779,0.560299956636961,0.580496342752537,8.0462697705189,2.25457454633767,0.432518798640266,1.37210196559657,1.11672172953088,1.3902223680359,1.62806208614214,2.67843455830948,2.54932601935776,1.49894148897576,0.945233608246995,2.27833438601294,0.970790429778968,1.18856484339628,1.05755163978609,1.06398323651253,1.43669978653611,1.81308342397577,4.81382035226617,1.36538794209324,0.161700689785752,0.669573153652214,0.449374385207503,0.177557128716273,0.271235532652535,0.425862628182701,0.441120450465572,0.628625336994704,0.741750609603894,0.322254661514804,0.230406523887651,0.201794756745192,0.289607202779504,0.88241609510363,3.11575383559214,1.03200082715029,0.359241263944942,0.932394069556056,0.855321699208614,0.275896928101015,0.0901360756803495,0.191304666684262,3.30206139951454,0.59153364471113,0.469297165316633,0.737102872651134
"24",1.9297385073849,1.01453897043426,1.08218576478945,0.272361650930852,0.789520215141718,6.51580760469926,1.32533188310563,0.574035563757662,1.17339463871888,1.01908272682738,1.33758546115492,1.80550600985237,1.44802024281491,2.05990884120241,0.723314855845737,1.7276267659963,2.89241193206239,1.54223510354385,1.41747085671495,0.83929018150081,0.870706923926774,1.46979092492456,2.91402077993453,2.07356480854756,0.518850551394092,0.267074666325337,0.772029638575163,0.248680509711769,0.347455921685007,0.255143245748227,0.694479350780443,0.309817258174429,0.430671881259805,0.477830136300575,0.417258894224872,0.361455299721134,0.284214109531067,0.355113070612135,1.81363357226241,2.76826944866415,0.833531327481373,0.589755835537256,2.01763293375797,0.755833649205537,0.143843491312822,0.0767460957709499,0.745714727205277,1.96831479812634,0.417088073384923,1.77767805902086
"25",4.74318896168986,0.942602124870095,1.04260776648637,0.867333763736331,0.163071566260779,2.03067748839088,3.36774202421572,0.894449637270776,0.816850280263683,0.819235686984515,1.09721151857168,0.967669060648916,1.0790374123944,0.826277732830263,1.26932621605419,0.710971611049327,4.12893041073514,3.3706190651993,2.11204282202034,1.38889040947353,0.540563367077954,0.861607300612231,2.24909255681895,1.86780134020715,1.06550513352255,0.4437223831,0.438834629774509,0.47690634719777,0.348634894083626,0.406852917018572,0.368294678978061,0.412291872097205,0.245437020297792,0.286925144003666,0.653440167706969,0.714999176456747,0.487481126166533,0.387108652187371,0.508075041696478,2.289708543549,2.13004770892836,0.851845685748471,1.60649823084719,2.80110742629328,0.546644211868371,0.0788115899442856,0.216052876430627,2.09511186310018,0.593173617322639,1.02225978910364
"26",4.04271785943382,3.02167693496911,0.713150682374603,0.928925503454121,0.591830428777539,0.331847373563425,3.94562812032419,1.60276192176879,0.726059856810815,0.757305350664329,0.722755111193049,0.942384337357631,0.542373484624888,0.559005256536069,0.679180108033575,0.800887917437461,1.47852247901077,7.81138225467589,3.17998354739506,2.36302582066865,0.998361574740513,0.529855681588719,1.10549696958828,2.87853527717844,1.07039571209321,0.941595643741461,0.561511722817681,0.564581483114538,0.403378032472105,0.884650203745679,0.302441721396444,0.429449596459168,0.194799966159101,0.236566344954902,0.349850420255539,1.0094414507317,0.902926146839473,0.604250122567618,0.338276568533191,0.882260887798026,1.86997973120284,1.5561284997245,1.29383071922929,5.06950878991069,2.4050614539053,0.296726431242095,0.103548363972773,1.10926192051768,1.45314113871368,0.316090942361778
"27",4.04339802742132,5.58489644041352,1.26801783341272,0.632375000476073,0.727588119629456,0.603335185481342,1.43887238450245,3.3403962790461,1.0994704798121,0.551053080227619,0.54399960960386,0.689459683454367,0.579472973612834,0.43406811262685,0.426336518170207,0.625316986315748,0.748076541943429,4.39220986800802,8.39015765206703,2.51464223765792,2.0220798552232,0.876072225148593,0.972462572111448,1.75188746815712,2.19232099079056,1.0675208420452,1.17704310078139,0.638020887008194,0.777085979556242,0.844125501232021,1.39077716937471,0.235553757296125,0.302375716200513,0.190389431195778,0.284290321356613,0.647913767099919,0.993775169668822,0.935988703583066,0.525937057554402,0.307878460156605,1.17686325942511,1.61545869072445,1.36159171948021,2.96023556470346,11.8741884702395,1.31353237295433,0.182230901886349,0.375117711345294,2.71838004095428,0.362042661754936
"28",3.67426599065464,5.28477263350747,3.99813002829441,0.750218770387691,0.355632455843334,0.734243618091516,1.11736047762819,3.92670472918578,2.0525816801251,0.964282245715932,0.34285458919581,0.473675499806377,0.569809440039762,0.414839278086433,0.601497738362171,0.439332285905929,0.634554191406495,0.916861620498837,11.1008135371557,5.41678827876629,1.75533187683266,1.7602330985333,1.5840959218905,1.92199139872069,2.40414418872804,1.70976539616323,1.33787918086107,1.35236705591829,0.851931394974474,1.31778005380971,2.91569084632132,0.816397696807366,0.249105361904202,0.24220668410662,0.349870428154438,0.540394300335463,0.929973001411348,0.869233077586348,0.774951762569645,0.33662595410632,0.507321766672425,1.32185104455621,1.69995457910824,1.93082235119711,9.48395658292136,12.100056834455,0.59131454409871,0.186807045670383,1.4621779084155,1.70239382214748
"29",1.65434408614118,4.03954230398609,5.47103600285275,1.90498678159489,0.462953529355435,0.221573660077161,0.990665955226916,1.86007037201617,4.2884629078986,1.73817333737393,0.722048496193155,0.272451425950818,0.484664483780651,0.438818564844786,0.55698415720503,0.852255822872711,0.49564021079748,0.578436774689733,1.7678593933867,14.9152902465647,2.36919684437598,1.26858856679608,2.42120025754029,4.11023860198312,2.77168430608087,2.4951792898933,1.56747967791972,1.6308987482524,1.24977204227864,1.71251897196249,2.28880240271741,5.77008808460752,0.321064592034716,0.330059823547058,0.400632968437884,0.771120200940889,0.978522802737976,1.12787519040116,0.873565845858813,0.532574057631051,0.319423808060665,1.09617937004342,2.18778830751073,2.04160060320211,4.13871810002551,27.3619477029667,4.69000390360288,0.297841181350138,0.366180749709147,2.71171923504815
"30",0.697760805907181,1.99011745244028,3.26592889198956,3.90707403217644,1.13549763310302,0.204411225100406,0.296158795040759,0.988815186068961,1.95863231742007,2.49493735362853,1.96330527451298,0.534856989250548,0.391787689121988,0.435414914837208,0.354242535382761,0.972803362938664,0.883029764879651,0.615293289067963,0.449718468950779,5.52916099167803,8.99407477420288,0.929365757419705,1.3723259002241,4.65715996473792,8.1727594235829,2.6596651159284,2.44737028679364,1.54858977357801,1.68230280198441,1.33093284911025,3.14575160702456,3.67831634668136,2.74443713787228,0.232287435480722,0.495198897992686,1.13708799785558,1.52341778619189,1.07390228713053,1.49986773913384,0.838749855412336,0.417819305455321,0.717115859956176,2.40981111333396,4.15397975158831,3.19039084702071,8.28840373921208,25.7818387317778,1.53477080659835,0.205554549726646,0.988556267474869
"31",0.618590159953921,0.801040252849664,1.7005997800686,1.96143443254551,2.39941631912055,0.772750328653568,0.160823060161421,0.422127819429798,0.611585619399691,1.452702772034,1.60070109871104,2.32233328789203,0.684879304533158,0.633500732492309,0.3082117462903,0.301735185007459,1.21156170075942,0.910763309127652,0.657159133870216,0.653448124952139,13.1060588002656,3.1778469016688,0.509297708853616,2.389728399317,8.88351898362858,8.19598406011293,2.28461684835794,2.12525417584705,1.8255837044507,1.51030920205477,1.7570290689237,3.19519053664836,4.24609033171515,0.567213674437715,0.344255615576797,0.965525262346293,3.01056668421145,1.41439072854747,1.27347050389306,1.74027678447991,0.65577151011963,0.565690964047939,2.17689164079281,6.05224755671049,4.60645386369347,5.4653456209924,8.98266659637026,8.68124219395856,0.660360136127589,0.296247128429351
"32",0.94604049826643,0.598539231633624,0.676989305629121,1.23478308108976,1.08064856818132,2.06666676916617,0.446030474859322,0.303832951821235,0.317172674812273,0.409627803961639,0.871259313172775,1.92809202217715,2.90754873525282,1.53964273490809,0.600901493000845,0.169824550787042,0.31040227823806,1.25283531266604,1.09818501222256,0.627134620432718,2.37068064959182,10.817786720531,1.16872439172257,0.584932054639939,4.63623312867157,14.2742159447,4.03165748614646,2.21042178958781,2.10495952748471,1.83567377169338,1.28574243502464,1.98665389466239,2.17502540210664,2.39517237199931,0.226032190062278,0.598588280200119,2.39731828311228,3.85858756223168,0.694337731696243,1.91510444431149,1.41492086922613,0.499285048868254,1.30163358844841,4.59590774723229,8.8421280444783,3.6074182773161,4.69511199005053,5.02276030551508,3.19181120345905,0.420778356515602
"33",0.678835830512144,1.21367244202791,0.523503743330965,0.663420458586404,0.67890510855982,0.96447671309808,2.05681349951846,0.372510355114837,0.407211937111236,0.243776461046918,0.425406735390318,0.709909869121773,3.49137050110165,4.83343570452546,2.26055147943236,0.327861164043634,0.110360772388818,0.436542359394411,1.37971566245147,1.32294497302579,0.8380736961073,7.35600387329611,4.09081684928713,0.631800807177365,1.31705341827231,8.30333908267636,10.9161104130678,1.93364388471704,2.06889321714999,2.92505426478296,1.46858920747264,0.905357073931737,1.34138517014351,1.67429129455634,0.898915259626763,0.267117734216138,0.978472727980208,5.16919802171578,1.74385980927956,0.590072951063988,2.01292126441461,0.869831116397044,0.577570945965095,2.67609338858021,5.86999116259071,3.58913010978343,2.66497629258006,1.87960063628137,2.88095234393927,1.77146462795509
"34",0.329913846316332,1.34215658036986,1.37828668131722,0.527286023748609,0.768174748486717,0.429841720961531,1.37537082652848,1.40178075627134,0.48908822373019,0.306673356964987,0.399177203133854,0.581388130168549,1.06188936824929,6.68477104734201,7.6790584265946,1.22823163643363,0.145532682731827,0.161372770168622,0.680265103451428,1.2944428972331,1.66177686203195,1.65998163988063,6.50351579954517,1.60981287683077,0.6322019798757,3.34917671643547,10.794732048137,3.5952223932884,1.41809474404996,2.34528369198823,3.52220204678948,1.03503048202283,0.583719235314144,0.722196905188721,1.57897563153337,0.535784427606722,0.472535937259445,1.66999645185085,4.95376510781157,0.657459704888283,1.04690285311868,1.22699554940492,0.664291019290491,0.95468164434923,3.31565707601469,3.60376148392596,0.825876579441679,1.1891572704296,1.0170504860334,2.49344400895512
"35",0.272385468739025,0.555197490368185,2.85160163626372,1.28142350174562,0.853893258563645,0.703720126338021,0.539417632632865,1.56111574745863,0.833146148232142,0.513070368513106,0.42348241235828,1.06335854862825,0.841077652440393,2.39878822728603,11.1162411664258,5.31001091349118,0.414843691007688,0.114986304267375,0.395230062200415,0.751578128455052,1.25979705790964,2.07971719367643,2.71154918335151,2.32326355767627,0.846276406496991,1.1607649370755,5.84456916900692,6.34841870332984,1.36757797018803,1.49256058072036,3.37660509873081,3.09831094929081,0.687883523521514,0.423488691192029,0.648562370191049,1.51618520106039,0.620090379864758,0.764588363054911,2.41795908628992,1.97209553268798,0.64802372363424,1.25247867697444,0.735310720742134,0.820740177694421,1.50669989031464,2.92979276857387,1.03221853280656,0.29339982824713,0.416450452978467,1.25599006553925
"36",0.778064516037163,0.458633077027595,1.64788490926685,3.21590774760765,1.4911298369951,1.34957789525177,0.640306296057111,0.835346119787982,1.06466070822327,0.654787769744432,0.537218637947366,1.41757099903233,2.23822292095531,1.2904110219879,6.02045819470356,9.20635654311996,1.81053533678761,0.176433352597003,0.231600274081018,0.649344245099644,0.626892609830723,1.91995658775713,2.23927619524843,2.31153740327219,0.93795328756621,0.617246610253321,2.25473444524283,5.17392383024403,2.22384117285633,1.16732033091484,2.10922861352513,4.5550502380105,2.59208749635788,0.626873230765895,0.437678026939686,0.999686796991497,1.63897967717074,0.954791843648795,1.00556370415877,1.66392218005221,0.893312212707393,1.21860575317454,0.634712618723564,0.774014006366246,1.02792532274778,2.466847558603,1.93033467848282,0.29627818128461,0.159473338298908,0.300869478946486
"37",2.60558369335861,0.92496730423361,1.24018540549093,3.62113070659973,2.24305131171892,2.74364694927303,1.17551209365777,0.84932726402346,0.807625204761797,0.717012225299929,0.664480808759716,1.10489201163896,4.115867200051,2.80038313134334,2.64887613755928,8.51887294184619,3.4435594314587,0.764339816273957,0.16707511940874,0.483819666804141,0.606128895195003,0.686908033447847,3.64776438168822,2.17907554479176,1.1993461875025,0.563894078124078,0.708422053736863,2.69920918844921,2.60143525002937,1.22117257543225,1.77484596095699,3.14939222451012,5.54424758844271,2.92863055031471,0.917472183488898,0.714461948014987,1.39737833120576,1.92775756953455,1.4108721223491,0.881467940028789,0.753022368800462,0.958613063708388,1.32061284557879,0.340504299989503,1.18613731273847,1.27621623112262,4.07413151862919,1.04008281601152,0.158228172758755,0.109565341135162
"38",0.99858386231572,1.95851344531765,2.05842981948752,3.7840271819024,2.96841869808642,2.25500729854106,3.60500657164754,0.898522108895955,1.18940630608876,0.62298940868464,0.633511381376728,0.995761674430746,2.80314516976882,4.67052577328107,3.06408107779333,5.40160768570708,3.58410506646574,1.92774748438873,0.58584210185435,0.293109354495815,0.511812840926618,0.571018825862103,1.29473584547601,4.97687810588415,2.05527796179551,0.605062481371001,0.453659025456998,1.00872026253406,2.03629199985467,1.16011679776272,1.49431614699795,3.18505122212055,4.15424578426519,7.18962398514934,4.18733797179749,1.72905538042359,1.03628277839941,1.61594800973095,1.89933459524017,1.43264364488229,0.539207389523655,0.573682792992842,1.64990877161684,0.650227217963022,0.479901339979868,1.47648327243703,2.66180803288766,3.87668604787414,0.708466621863462,0.134070624374753
"39",0.642293524933265,1.27435691851894,2.50269214394352,5.8421266879437,5.54727853804066,1.86720908999352,3.93798599477922,1.9830050536352,1.09340579713157,1.19368659652154,0.58850307262072,0.740387891807115,2.00276488442196,3.54887954076418,2.73864463690339,4.16027749777408,4.43832388834586,1.07555085118377,3.57187459946819,0.670035810343906,0.436612157747252,0.449653545064129,0.790768660270441,2.93911443214518,4.2938690889975,1.52602122381917,0.438423106413994,0.534643237161702,1.14024003278363,1.31203538165388,0.702684923597231,2.42397383215854,4.59539261974625,4.95828105115336,9.91597724304684,5.51378106034225,2.49488919646372,0.756618200026869,1.51279236120683,1.4392256847161,0.978095989551287,0.469967939850261,0.867766493502538,1.98880585744122,0.40324100061133,1.44883785954196,1.67923905402104,5.94637445206464,2.37122074691377,0.634930625406687
"40",1.01305505005277,0.932862713773187,1.75401651874968,5.10878934344109,10.9156287981616,3.23501422909946,2.47563488773937,4.47225888623091,1.12366065932488,1.58323457707792,0.960907595395133,0.5518620397304,1.57007941580978,2.69757566115566,2.02142753331399,2.05413606665222,4.59081879532598,1.26312429034537,1.43751347263587,8.50438280608125,0.872899645209647,0.474045079351911,0.555520599021284,1.67246776103054,3.68370123134755,2.74399243427286,1.0745258954386,0.5087405490873,0.732136570101571,1.03972000979644,0.596701999699832,0.808962051477264,3.13687901918846,3.67384429133499,5.71453230092956,10.8792072466303,5.81779713707774,1.43085614379813,0.428582812390858,0.837879066781972,0.965051516678907,0.742244591627589,0.730001019886067,1.43329166916488,1.31826136022468,0.780285986368359,3.56456011147062,2.48228805934369,6.0403595458594,1.82099038237522
"41",0.404731812854487,1.4932920382784,1.63966301183156,3.888520887312,6.60447244445043,8.68691661112004,2.49647319485643,4.83191279653164,2.19862486118238,1.3369310815214,1.56742432732059,0.742081557656032,0.645697385160428,4.08633048001107,2.02034004959552,0.934536716254412,2.77132878151327,2.3195933696659,0.433142967761736,8.67018622049776,9.4985988925839,1.09083811220932,0.550420786150158,1.03349150648055,2.96920263628315,2.02102879839488,1.79465439678528,1.12104423739368,0.744731143881081,0.661186659303844,0.781100463153172,0.217951869907847,1.42405993707703,2.58934463909731,1.87294999108354,6.41812213803412,8.84253985037879,4.06391561988374,0.378796723638826,0.281502105837133,0.318612175838358,0.781382715400199,0.831807196158331,1.17851306080357,1.49375035772079,0.809712588292682,3.68419167848254,3.88899732066069,3.22984407510191,4.08449001413291
"42",0.368866362895772,0.734569928224007,2.17341609807616,4.08250790101169,6.04021161067193,4.1559067979218,4.52527682769242,4.52972610791038,4.46331545625421,1.31296101374197,1.98217222096707,0.96394317745377,0.610840303721266,2.02609464042768,4.83047347092804,1.24459828034528,0.73504519665627,3.63725813033648,0.712314684364643,0.66369321494,34.8869462728338,6.04626746126738,1.13536257369533,0.701178021396802,2.65253652278181,1.99893845782595,0.944724307674655,2.10399862779804,1.49057330828238,0.825492110470897,0.401179938809343,0.338122062113428,0.169935028995457,2.04436598234093,1.28076214949585,1.30426669961614,6.67850995305215,6.18592775676097,1.5726019187645,0.149474945589217,0.148514135382096,0.196364414101007,0.78899264384036,0.919278854369735,1.43256551019166,1.07989230224438,0.926274225046986,12.893360880129,2.3211154522385,2.77491930154924
"43",1.05993741344204,0.337423557361901,1.22112644634677,3.49113584507433,9.30407202030867,3.49069928818618,2.2549304628133,4.61009480830344,6.04240327118524,1.96351709522232,1.85203932417991,1.73031897123314,0.652195947594821,0.883662536373043,8.60833575046664,2.96119899967432,0.741093341632647,1.38145221847587,2.55417188673677,0.335765942254298,3.12764640275058,31.9839578262288,3.54374283893458,0.936710696374419,1.08955451698835,4.69296364918687,0.760188465629174,0.911045322973132,3.76146261408354,1.75338566707375,0.545069122184651,0.260051272543595,0.113000291947208,0.388962946006797,1.8205508089788,0.679839717205976,1.80498811440834,5.99292616049712,3.87584872811853,0.55990990682131,0.12821536675801,0.0686736503566036,0.277519620679396,0.652604926204392,0.933324334661219,1.40420639165708,0.7726053934756,2.28796805750976,13.4222859797536,1.24014858306539
"44",1.05186823522159,0.911822845038609,0.447736530292317,1.53705162196782,6.16034242435037,9.51017824508079,1.20096704084756,2.55036192284695,7.12645695430582,2.74581135282862,1.30383754355979,3.36821204258112,0.960640759820222,0.843731971661336,3.29926924634641,11.1072730387487,1.72076736914872,0.645077410573975,3.5021250231137,1.24932733021366,0.451832270585766,10.0673179139808,12.6114540496042,1.84623331514289,0.714964657482688,2.40885380570697,2.98014668973672,0.557507663783626,1.97275302033803,4.98735761029429,1.63034990547241,0.315132315215585,0.205992476197775,0.0822985201783626,1.12528480597251,1.34682180569523,0.874119599732807,3.21902772987692,4.30154299276276,2.2973202208658,0.393643805333452,0.109840606822192,0.0707725574016237,0.430547786383109,0.390829154337748,1.25731381124646,1.57126067184057,0.686762667286431,6.24190142786186,5.05437642055294
"45",1.17122865788158,1.54167367625665,0.844270593165228,0.529923367736779,1.73332165119416,8.54682580509753,4.61630142318315,0.763556226892324,6.17316705334905,4.11973066212668,1.00463296002292,2.31006948981479,3.36951934737079,0.714034275801755,1.79401050120111,12.2292016633343,4.92251637758188,0.99576622756717,1.31557538014445,4.77997831660829,0.82597160900291,1.20461161222603,9.84625230110004,4.74506601010803,0.869923647830834,0.73554331585443,4.73502976772291,1.09310371048154,1.16568839913717,3.56769953875483,4.68815282338103,1.39211782292927,0.278559767281989,0.199467685160842,0.19764530213893,1.69927311736672,1.51708858753852,2.25116060430773,4.03529696771288,2.57269166878046,1.47335381431532,0.473721183795336,0.0767794697343166,0.189014379029902,0.36628690719891,0.372568226132078,1.99654136842399,1.95366491254578,0.977320757136945,8.78239765386862
"46",1.65460854797001,1.80284021361911,1.85013193192597,0.646138390020719,0.525825586677291,2.37833142074281,7.1201896492894,1.8767410389209,1.85121563502716,8.4480660159299,1.01674836060973,0.89405908673196,5.14174384469666,1.68478268983907,0.997669585775108,3.43357743825545,12.3410819376019,2.09823812388672,0.764321553039112,3.4532494719748,2.70831098606011,0.974798731220524,2.52844065626326,4.2686310464006,2.2307795388179,0.448573527832684,1.12317585876642,3.89923727233224,0.670388371998457,2.54224298003247,3.35343500723855,4.39594099183183,1.17134120965155,0.453604181132845,0.2787023992352,0.71752903395028,1.41777502842744,3.22030110216422,4.30981398336097,2.77239373060514,1.53881786570544,1.07209236589735,0.42633449771768,0.0928687681339467,0.499436193725656,0.251893221972739,0.854555209412583,2.85316605014136,1.85777758984971,2.18531225838719
"47",1.22888400532211,1.92023444700198,2.61655991116736,1.36330878982516,0.523910271556518,0.690119521776808,3.62080923672758,4.0707257108769,1.29825730966356,7.18499912001891,2.94340838609711,0.428894077877004,2.24615354246798,4.62733630412085,0.849159477995138,1.2306399896355,3.71536874712416,4.35831587813358,1.31839356463713,1.0440493312998,3.67438310663591,1.23509373354675,1.39172301434114,2.44155649504044,1.890063317865,1.22195489589068,0.330749678886686,1.77664566180313,1.38771783977417,0.879103841616664,2.31739555247577,2.78392504361613,4.57938303158523,0.900016176372967,1.01137654440632,0.529503890298565,1.30066462087964,1.23513149774037,6.81197889610786,3.86515063809315,1.18872692194408,0.957212443537841,0.750504201840123,0.249587706832652,0.237388027263076,0.68085712965537,0.33706645234856,2.12628248897541,2.99182206040494,1.75444413968761
"48",1.35624414047877,1.39671976114511,2.0038349564977,2.49210831599343,1.01010540893403,0.658661895102897,1.48795174419118,3.9846359980481,2.18899052072181,2.05425684525181,10.6341310215895,0.705818160875094,0.559382835120904,5.37582728085174,1.76410457672582,0.635896246619375,0.656850020739902,2.30181927218331,1.88427162826741,1.18692354112928,1.31841085059133,1.39895152393077,0.995173098523986,1.61984983334954,1.37422418725927,1.56454352761412,0.594822548251904,0.45389329675329,1.74155353451666,0.624444698186615,1.14116508439826,1.34894882402638,3.18293894239485,3.63820951662345,0.811583545033732,1.82673033857896,0.831699374080563,1.026115563097,1.46729392952195,6.03046675401203,2.135106527325,0.52628376955088,0.487584814720463,0.420555898680031,0.181858296416438,0.618727246494034,0.667234660175048,0.915220476045866,2.5881258177373,1.87134570567917
"49",1.63714645315179,1.13264119542929,1.44347556052732,1.95299100084966,1.77645051477803,1.20878091491966,1.39144059178638,2.99354886850567,2.95817804878703,1.44092478191325,4.20684297468467,5.19895721165524,0.384359356871996,1.47293285696628,3.80234637023166,0.78140396329454,0.402933165772685,0.296612312766908,1.32803207239313,1.84360432638189,1.026050675945,0.81667677075748,0.604695621208228,1.21263863541328,1.61421997672271,0.854976634595951,1.65903575918353,0.397865889670066,0.877557079151923,1.14813735170086,0.703467131602325,1.0559365198739,1.10049006728376,3.69109834552344,1.59357877036707,1.07111159600202,1.58081463479071,0.843164375954179,0.604178813020157,2.03454420777019,2.54700023687371,0.916485589856848,0.324141706109377,0.20588998430329,0.210608094967497,0.218489834117763,0.939363593173184,0.855795804483226,2.04896573126298,1.56337960684927
"50",1.41111258730211,1.64354812229957,1.07551694322274,1.09052727057703,1.93150199802975,1.53160103420669,2.00134376521669,3.00417411761877,3.30237539105682,1.78585145287833,1.21345608712714,6.00996968422992,1.64359262945288,0.516873915141979,2.7056929575265,1.35679287948332,0.586302744031069,0.187226789908589,0.268972175961772,1.30467369838599,2.13335368583374,0.540264847278568,0.39828683008393,0.651180800193505,1.42598225999369,1.50708477721102,0.796912011028548,1.22650890389377,0.661215170581531,1.35208564456471,1.10406232945482,1.15122283137547,1.07659256884588,1.40745285075455,2.34632377996844,0.572554613626084,1.40283989334823,0.709367134645663,0.686348610466346,0.434352633477743,1.88306611157012,1.20275941017507,0.454969033120272,0.201429525461087,0.102276640924503,0.135355589398979,0.304288060476395,1.00097668065176,1.69061945753654,1.84647403011178
